id,first_name,last_name,email,gender,ip_address,emp_join_date,emp_country
1,Fayth,Paddock,fpaddock0@nytimes.com,Female,95.152.400.222,2020/09/15,China
2,Ogden,Ander,oander1@w3.org,Female,79.153.96.224,2020/10/15,United States
3,Ludovico,Defew,ldefew2@github.io,Hale,300.72.101.250,2020/05/23,Peru
4,Ambrosius,Menlow,amenlow3@weather.com,Male,66.138.160.23,2021/04/11,China
5,Inglebert,Barrasse,ibarrasse4@soup.io,Male,180.85.153.228,2020/08/03,Indonesia
6,Verge,Falla,vfalla5@ucsd.edu,Female,71.150.69.49,2021/03/17,Indonesia
7,Darby,Couchman,dcouchman6@epa.gov,Male,240.18.37.91,2020/07/20,Russia
8,Henka,Sabater,hsabater7@squarespace.com,Female,64.9.232.61,2020/09/25,Russia
9,Monty,Yanin,myanin8@webs.com,Male,203.137.234.230,2020/05/15,Kenya
10,Joelynn,Cowdry,jcowdry9@flavors.me,Female,140.188.107.129,2020/05/18,Indonesia
11,Valene,Utting,vuttinga@comcast.net,Male,26.105.0.12,2020/08/02,Indonesia
12,Hobey,Bindley,hbindleyb@livejournal.com,Female,135.47.66.228,2021/02/03,China
13,Rozamond,Greenleaf,rgreenleafc@exblog.jp,Female,122.68.222.20,2021/05/03,Indonesia
14,Robby,Barhims,rbarhimsd@miibeian.gov.cn,Female,183.0.255.71,2021/02/09,Philippines
15,Lynde,Renbold,lrenbolde@fastcompany.com,Male,67.232.226.88,2020/08/12,Russia
16,Kath,Wyldes,kwyldesf@craigslist.org,Female,45.223.209.98,2020/08/14,Ukraine
17,Anderson,Andrieux,aandrieuxg@google.com.au,Male,213.237.67.125,2020/07/15,Russia
18,Leda,Northcliffe,lnorthcliffeh@cmu.edu,Female,58.68.179.210,2020/11/14,Czech Republic
19,Halimeda,Besset,hbesseti@cocolog-nifty.com,Male,138.55.109.203,2020/07/10,Brazil
20,Lalo,Downgate,ldowngatej@symantec.com,Female,205.227.104.109,2021/03/31,Russia
21,Ethelyn,Lowndsborough,elowndsboroughk@nhs.uk,Male,154.129.103.117,2021/04/26,Libya
22,Seka,Epperson,seppersonl@typepad.com,Female,10.48.84.120,2020/07/21,Colombia
23,Elvina,Caldeyroux,ecaldeyrouxm@home.pl,Male,183.162.245.11,2020/08/22,Vietnam
24,Nettle,Langton,nlangtonn@microsoft.com,Male,14.118.143.43,2020/10/23,China
25,Imogene,Woodrow,iwoodrowo@ted.com,Male,46.3.146.255,2020/08/03,Indonesia
26,Mariam,M'Chirrie,mmchirriep@ihg.com,Female,63.37.196.191,2020/09/22,Indonesia
27,Jozef,Hastelow,jhastelowq@twitpic.com,Female,140.233.68.2,2020/12/28,China
28,Marcella,Plott,mplottr@abc.net.au,Male,179.6.202.245,2021/03/20,Brazil
29,Clyve,Brackstone,cbrackstones@odnoklassniki.ru,Male,245.207.233.192,2021/04/01,Russia
30,Emili,Aldgate,ealdgatet@miitbeian.gov.cn,Male,248.33.97.64,2020/05/24,Philippines
31,Arly,Bergeau,abergeauu@webeden.co.uk,Female,189.54.108.92,2020/11/23,China
32,Nadia,Sambrook,nsambrookv@tiny.cc,Male,192.35.199.241,2020/06/12,South Africa
33,Conney,MacAdie,cmacadiew@g.co,Male,190.115.17.180,2020/07/08,China
34,Berri,Shallow,bshallowx@com.com,Female,35.4.1.21,2020/09/28,Portugal
35,Farly,Leveritt,fleveritty@fotki.com,Male,89.247.41.151,2020/11/05,China
36,Jsandye,Fredi,jfrediz@123-reg.co.uk,Male,49.11.84.102,2021/04/22,Poland
37,Joyous,Mayhow,jmayhow10@imgur.com,Female,253.127.12.244,2020/07/20,Indonesia
38,Abagael,Lattie,alattie11@cisco.com,Female,4.85.28.17,2021/01/07,China
39,Joletta,Sabbins,jsabbins12@paginegialle.it,Female,39.170.121.123,2021/03/28,Indonesia
40,Gratia,Pawsey,gpawsey13@yandex.ru,Male,235.250.204.80,2020/06/07,Greece
41,Gail,Searle,gsearle14@ocn.ne.jp,Male,174.221.190.199,2021/03/03,Philippines
42,Maurise,Magner,mmagner15@photobucket.com,Male,191.100.254.85,2020/11/03,Indonesia
43,Laraine,Seres,lseres16@xrea.com,Male,46.25.71.104,2021/05/02,Indonesia
44,Elke,McPike,emcpike17@tinypic.com,Female,15.204.33.243,2020/08/03,Ecuador
45,Aubrette,Lathleiff,alathleiff18@mediafire.com,Female,26.94.94.48,2020/09/13,France
46,Piggy,Fulun,pfulun19@cafepress.com,Male,164.128.133.17,2020/09/10,Yemen
47,Sonny,Hirthe,shirthe1a@usda.gov,Female,118.115.237.110,2020/09/01,Serbia
48,Fayth,Paddock,fpaddock0@nytimes.com,Female,95.152.83.222,2020/09/15,China
49,Ogden,Ander,oander1@w3.org,Female,79.153.96.224,2020/10/15,United States
50,Ludovico,Defew,ldefew2@github.io,Male,44.72.101.250,2020/05/23,Peru
51,Ambrosius,Menlow,amenlow3@weather.com,Male,66.138.160.23,2021/04/11,China
52,Inglebert,Barrasse,ibarrasse4@soup.io,Male,180.85.153.228,2020/08/03,Indonesia
53,Verge,Falla,vfalla5@ucsd.edu,Female,71.150.69.49,2021/03/17,Indonesia
54,Darby,Couchman,dcouchman6@epa.gov,Male,240.18.37.91,2020/07/20,Russia
55,Henka,Sabater,hsabater7@squarespace.com,Female,64.9.232.61,2020/09/25,Russia
56,Monty,Yanin,myanin8@webs.com,Male,203.137.234.230,2020/05/15,Kenya
57,Joelynn,Cowdry,jcowdry9@flavors.me,Female,140.188.107.129,2020/05/18,Indonesia
58,Valene,Utting,vuttinga@comcast.net,Male,26.105.0.12,2020/08/02,Indonesia
59,Hobey,Bindley,hbindleyb@livejournal.com,Female,135.47.66.228,2021/02/03,China
60,Rozamond,Greenleaf,rgreenleafc@exblog.jp,Female,122.68.222.20,2021/05/03,Indonesia
61,Robby,Barhims,rbarhimsd@miibeian.gov.cn,Female,183.0.255.71,2021/02/09,Philippines
62,Lynde,Renbold,lrenbolde@fastcompany.com,Male,67.232.226.88,2020/08/12,Russia
63,Kath,Wyldes,kwyldesf@craigslist.org,Female,45.223.209.98,2020/08/14,Ukraine
64,Anderson,Andrieux,aandrieuxg@google.com.au,Male,213.237.67.125,2020/07/15,Russia
65,Leda,Northcliffe,lnorthcliffeh@cmu.edu,Female,58.68.179.210,2020/11/14,Czech Republic
66,Halimeda,Besset,hbesseti@cocolog-nifty.com,Male,138.55.109.203,2020/07/10,Brazil
67,Lalo,Downgate,ldowngatej@symantec.com,Female,205.227.104.109,2021/03/31,Russia
68,Ethelyn,Lowndsborough,elowndsboroughk@nhs.uk,Male,154.129.103.117,2021/04/26,Libya
69,Seka,Epperson,seppersonl@typepad.com,Female,10.48.84.120,2020/07/21,Colombia
70,Elvina,Caldeyroux,ecaldeyrouxm@home.pl,Male,183.162.245.11,2020/08/22,Vietnam
71,Nettle,Langton,nlangtonn@microsoft.com,Male,14.118.143.43,2020/10/23,China
72,Imogene,Woodrow,iwoodrowo@ted.com,Male,46.3.146.255,2020/08/03,Indonesia
73,Mariam,M'Chirrie,mmchirriep@ihg.com,Female,63.37.196.191,2020/09/22,Indonesia
74,Jozef,Hastelow,jhastelowq@twitpic.com,Female,140.233.68.2,2020/12/28,China
75,Marcella,Plott,mplottr@abc.net.au,Male,179.6.202.245,2021/03/20,Brazil
76,Clyve,Brackstone,cbrackstones@odnoklassniki.ru,Male,245.207.233.192,2021/04/01,Russia
77,Emili,Aldgate,ealdgatet@miitbeian.gov.cn,Male,248.33.97.64,2020/05/24,Philippines
78,Arly,Bergeau,abergeauu@webeden.co.uk,Female,189.54.108.92,2020/11/23,China
79,Nadia,Sambrook,nsambrookv@tiny.cc,Male,192.35.199.241,2020/06/12,South Africa
80,Conney,MacAdie,cmacadiew@g.co,Male,190.115.17.180,2020/07/08,China
81,Berri,Shallow,bshallowx@com.com,Female,35.4.1.21,2020/09/28,Portugal
82,Farly,Leveritt,fleveritty@fotki.com,Male,89.247.41.151,2020/11/05,China
83,Jsandye,Fredi,jfrediz@123-reg.co.uk,Male,49.11.84.102,2021/04/22,Poland
84,Joyous,Mayhow,jmayhow10@imgur.com,Female,253.127.12.244,2020/07/20,Indonesia
85,Abagael,Lattie,alattie11@cisco.com,Female,4.85.28.17,2021/01/07,China
86,Joletta,Sabbins,jsabbins12@paginegialle.it,Female,39.170.121.123,2021/03/28,Indonesia
87,Gratia,Pawsey,gpawsey13@yandex.ru,Male,235.250.204.80,2020/06/07,Greece
88,Gail,Searle,gsearle14@ocn.ne.jp,Male,174.221.190.199,2021/03/03,Philippines
89,Maurise,Magner,mmagner15@photobucket.com,Male,191.100.254.85,2020/11/03,Indonesia
90,Laraine,Seres,lseres16@xrea.com,Male,46.25.71.104,2021/05/02,Indonesia
91,Elke,McPike,emcpike17@tinypic.com,Female,15.204.33.243,2020/08/03,Ecuador
92,Aubrette,Lathleiff,alathleiff18@mediafire.com,Female,26.94.94.48,2020/09/13,France
93,Piggy,Fulun,pfulun19@cafepress.com,Male,164.128.133.17,2020/09/10,Yemen
94,Sonny,Hirthe,shirthe1a@usda.gov,Female,118.115.237.110,2020/09/01,Serbia
95,Fayth,Paddock,fpaddock0@nytimes.com,Female,95.152.83.222,2020/09/15,China
96,Ogden,Ander,oander1@w3.org,Female,79.153.96.224,2020/10/15,United States
97,Ludovico,Defew,ldefew2@github.io,Male,44.72.101.250,2020/05/23,Peru
98,Ambrosius,Menlow,amenlow3@weather.com,Male,66.138.160.23,2021/04/11,China
99,Inglebert,Barrasse,ibarrasse4@soup.io,Male,180.85.153.228,2020/08/03,Indonesia
100,Verge,Falla,vfalla5@ucsd.edu,Female,71.150.69.49,2021/03/17,Indonesia
101,Darby,Couchman,dcouchman6@epa.gov,Male,240.18.37.91,2020/07/20,Russia
102,Henka,Sabater,hsabater7@squarespace.com,Female,64.9.232.61,2020/09/25,Russia
103,Monty,Yanin,myanin8@webs.com,Male,203.137.234.230,2020/05/15,Kenya
104,Joelynn,Cowdry,jcowdry9@flavors.me,Female,140.188.107.129,2020/05/18,Indonesia
105,Valene,Utting,vuttinga@comcast.net,Male,26.105.0.12,2020/08/02,Indonesia
106,Hobey,Bindley,hbindleyb@livejournal.com,Female,135.47.66.228,2021/02/03,China
107,Rozamond,Greenleaf,rgreenleafc@exblog.jp,Female,122.68.222.20,2021/05/03,Indonesia
108,Robby,Barhims,rbarhimsd@miibeian.gov.cn,Female,183.0.255.71,2021/02/09,Philippines
109,Lynde,Renbold,lrenbolde@fastcompany.com,Male,67.232.226.88,2020/08/12,Russia
110,Kath,Wyldes,kwyldesf@craigslist.org,Female,45.223.209.98,2020/08/14,Ukraine
111,Anderson,Andrieux,aandrieuxg@google.com.au,Male,213.237.67.125,2020/07/15,Russia
112,Leda,Northcliffe,lnorthcliffeh@cmu.edu,Female,58.68.179.210,2020/11/14,Czech Republic
113,Halimeda,Besset,hbesseti@cocolog-nifty.com,Male,138.55.109.203,2020/07/10,Brazil
114,Lalo,Downgate,ldowngatej@symantec.com,Female,205.227.104.109,2021/03/31,Russia
115,Ethelyn,Lowndsborough,elowndsboroughk@nhs.uk,Male,154.129.103.117,2021/04/26,Libya
116,Seka,Epperson,seppersonl@typepad.com,Female,10.48.84.120,2020/07/21,Colombia
117,Elvina,Caldeyroux,ecaldeyrouxm@home.pl,Male,183.162.245.11,2020/08/22,Vietnam
118,Nettle,Langton,nlangtonn@microsoft.com,Male,14.118.143.43,2020/10/23,China
119,Imogene,Woodrow,iwoodrowo@ted.com,Male,46.3.146.255,2020/08/03,Indonesia
120,Mariam,M'Chirrie,mmchirriep@ihg.com,Female,63.37.196.191,2020/09/22,Indonesia
121,Jozef,Hastelow,jhastelowq@twitpic.com,Female,140.233.68.2,2020/12/28,China
122,Marcella,Plott,mplottr@abc.net.au,Male,179.6.202.245,2021/03/20,Brazil
123,Clyve,Brackstone,cbrackstones@odnoklassniki.ru,Male,245.207.233.192,2021/04/01,Russia
124,Emili,Aldgate,ealdgatet@miitbeian.gov.cn,Male,248.33.97.64,2020/05/24,Philippines
125,Arly,Bergeau,abergeauu@webeden.co.uk,Female,189.54.108.92,2020/11/23,China
126,Nadia,Sambrook,nsambrookv@tiny.cc,Male,192.35.199.241,2020/06/12,South Africa
127,Conney,MacAdie,cmacadiew@g.co,Male,190.115.17.180,2020/07/08,China
128,Berri,Shallow,bshallowx@com.com,Female,35.4.1.21,2020/09/28,Portugal
129,Farly,Leveritt,fleveritty@fotki.com,Male,89.247.41.151,2020/11/05,China
130,Jsandye,Fredi,jfrediz@123-reg.co.uk,Male,49.11.84.102,2021/04/22,Poland
131,Joyous,Mayhow,jmayhow10@imgur.com,Female,253.127.12.244,2020/07/20,Indonesia
132,Abagael,Lattie,alattie11@cisco.com,Female,4.85.28.17,2021/01/07,China
133,Joletta,Sabbins,jsabbins12@paginegialle.it,Female,39.170.121.123,2021/03/28,Indonesia
134,Gratia,Pawsey,gpawsey13@yandex.ru,Male,235.250.204.80,2020/06/07,Greece
135,Gail,Searle,gsearle14@ocn.ne.jp,Male,174.221.190.199,2021/03/03,Philippines
136,Maurise,Magner,mmagner15@photobucket.com,Male,191.100.254.85,2020/11/03,Indonesia
137,Laraine,Seres,lseres16@xrea.com,Male,46.25.71.104,2021/05/02,Indonesia
138,Elke,McPike,emcpike17@tinypic.com,Female,15.204.33.243,2020/08/03,Ecuador
139,Aubrette,Lathleiff,alathleiff18@mediafire.com,Female,26.94.94.48,2020/09/13,France
140,Piggy,Fulun,pfulun19@cafepress.com,Male,164.128.133.17,2020/09/10,Yemen
141,Sonny,Hirthe,shirthe1a@usda.gov,Female,118.115.237.110,2020/09/01,Serbia
142,Fayth,Paddock,fpaddock0@nytimes.com,Female,95.152.83.222,2020/09/15,China
143,Ogden,Ander,oander1@w3.org,Female,79.153.96.224,2020/10/15,United States
144,Ludovico,Defew,ldefew2@github.io,Male,44.72.101.250,2020/05/23,Peru
145,Ambrosius,Menlow,amenlow3@weather.com,Male,66.138.160.23,2021/04/11,China
146,Inglebert,Barrasse,ibarrasse4@soup.io,Male,180.85.153.228,2020/08/03,Indonesia
147,Verge,Falla,vfalla5@ucsd.edu,Female,71.150.69.49,2021/03/17,Indonesia
148,Darby,Couchman,dcouchman6@epa.gov,Male,240.18.37.91,2020/07/20,Russia
149,Henka,Sabater,hsabater7@squarespace.com,Female,64.9.232.61,2020/09/25,Russia
150,Monty,Yanin,myanin8@webs.com,Male,203.137.234.230,2020/05/15,Kenya
151,Joelynn,Cowdry,jcowdry9@flavors.me,Female,140.188.107.129,2020/05/18,Indonesia
152,Valene,Utting,vuttinga@comcast.net,Male,26.105.0.12,2020/08/02,Indonesia
153,Hobey,Bindley,hbindleyb@livejournal.com,Female,135.47.66.228,2021/02/03,China
154,Rozamond,Greenleaf,rgreenleafc@exblog.jp,Female,122.68.222.20,2021/05/03,Indonesia
155,Robby,Barhims,rbarhimsd@miibeian.gov.cn,Female,183.0.255.71,2021/02/09,Philippines
156,Lynde,Renbold,lrenbolde@fastcompany.com,Male,67.232.226.88,2020/08/12,Russia
157,Kath,Wyldes,kwyldesf@craigslist.org,Female,45.223.209.98,2020/08/14,Ukraine
158,Anderson,Andrieux,aandrieuxg@google.com.au,Male,213.237.67.125,2020/07/15,Russia
159,Leda,Northcliffe,lnorthcliffeh@cmu.edu,Female,58.68.179.210,2020/11/14,Czech Republic
160,Halimeda,Besset,hbesseti@cocolog-nifty.com,Male,138.55.109.203,2020/07/10,Brazil
161,Lalo,Downgate,ldowngatej@symantec.com,Female,205.227.104.109,2021/03/31,Russia
162,Ethelyn,Lowndsborough,elowndsboroughk@nhs.uk,Male,154.129.103.117,2021/04/26,Libya
163,Seka,Epperson,seppersonl@typepad.com,Female,10.48.84.120,2020/07/21,Colombia
164,Elvina,Caldeyroux,ecaldeyrouxm@home.pl,Male,183.162.245.11,2020/08/22,Vietnam
165,Nettle,Langton,nlangtonn@microsoft.com,Male,14.118.143.43,2020/10/23,China
166,Imogene,Woodrow,iwoodrowo@ted.com,Male,46.3.146.255,2020/08/03,Indonesia
167,Mariam,M'Chirrie,mmchirriep@ihg.com,Female,63.37.196.191,2020/09/22,Indonesia
168,Jozef,Hastelow,jhastelowq@twitpic.com,Female,140.233.68.2,2020/12/28,China
169,Marcella,Plott,mplottr@abc.net.au,Male,179.6.202.245,2021/03/20,Brazil
170,Clyve,Brackstone,cbrackstones@odnoklassniki.ru,Male,245.207.233.192,2021/04/01,Russia
171,Emili,Aldgate,ealdgatet@miitbeian.gov.cn,Male,248.33.97.64,2020/05/24,Philippines
172,Arly,Bergeau,abergeauu@webeden.co.uk,Female,189.54.108.92,2020/11/23,China
173,Nadia,Sambrook,nsambrookv@tiny.cc,Male,192.35.199.241,2020/06/12,South Africa
174,Conney,MacAdie,cmacadiew@g.co,Male,190.115.17.180,2020/07/08,China
175,Berri,Shallow,bshallowx@com.com,Female,35.4.1.21,2020/09/28,Portugal
176,Farly,Leveritt,fleveritty@fotki.com,Male,89.247.41.151,2020/11/05,China
177,Jsandye,Fredi,jfrediz@123-reg.co.uk,Male,49.11.84.102,2021/04/22,Poland
178,Joyous,Mayhow,jmayhow10@imgur.com,Female,253.127.12.244,2020/07/20,Indonesia
179,Abagael,Lattie,alattie11@cisco.com,Female,4.85.28.17,2021/01/07,China
180,Joletta,Sabbins,jsabbins12@paginegialle.it,Female,39.170.121.123,2021/03/28,Indonesia
181,Gratia,Pawsey,gpawsey13@yandex.ru,Male,235.250.204.80,2020/06/07,Greece
182,Gail,Searle,gsearle14@ocn.ne.jp,Male,174.221.190.199,2021/03/03,Philippines
183,Maurise,Magner,mmagner15@photobucket.com,Male,191.100.254.85,2020/11/03,Indonesia
184,Laraine,Seres,lseres16@xrea.com,Male,46.25.71.104,2021/05/02,Indonesia
185,Elke,McPike,emcpike17@tinypic.com,Female,15.204.33.243,2020/08/03,Ecuador
186,Aubrette,Lathleiff,alathleiff18@mediafire.com,Female,26.94.94.48,2020/09/13,France
187,Piggy,Fulun,pfulun19@cafepress.com,Male,164.128.133.17,2020/09/10,Yemen
188,Sonny,Hirthe,shirthe1a@usda.gov,Female,118.115.237.110,2020/09/01,Serbia
189,Fayth,Paddock,fpaddock0@nytimes.com,Female,95.152.83.222,2020/09/15,China
190,Ogden,Ander,oander1@w3.org,Female,79.153.96.224,2020/10/15,United States
191,Ludovico,Defew,ldefew2@github.io,Male,44.72.101.250,2020/05/23,Peru
192,Ambrosius,Menlow,amenlow3@weather.com,Male,66.138.160.23,2021/04/11,China
193,Inglebert,Barrasse,ibarrasse4@soup.io,Male,180.85.153.228,2020/08/03,Indonesia
194,Verge,Falla,vfalla5@ucsd.edu,Female,71.150.69.49,2021/03/17,Indonesia
195,Darby,Couchman,dcouchman6@epa.gov,Male,240.18.37.91,2020/07/20,Russia
196,Henka,Sabater,hsabater7@squarespace.com,Female,64.9.232.61,2020/09/25,Russia
197,Monty,Yanin,myanin8@webs.com,Male,203.137.234.230,2020/05/15,Kenya
198,Joelynn,Cowdry,jcowdry9@flavors.me,Female,140.188.107.129,2020/05/18,Indonesia
199,Valene,Utting,vuttinga@comcast.net,Male,26.105.0.12,2020/08/02,Indonesia
200,Hobey,Bindley,hbindleyb@livejournal.com,Female,135.47.66.228,2021/02/03,China
201,Rozamond,Greenleaf,rgreenleafc@exblog.jp,Female,122.68.222.20,2021/05/03,Indonesia
202,Robby,Barhims,rbarhimsd@miibeian.gov.cn,Female,183.0.255.71,2021/02/09,Philippines
203,Lynde,Renbold,lrenbolde@fastcompany.com,Male,67.232.226.88,2020/08/12,Russia
204,Kath,Wyldes,kwyldesf@craigslist.org,Female,45.223.209.98,2020/08/14,Ukraine
205,Anderson,Andrieux,aandrieuxg@google.com.au,Male,213.237.67.125,2020/07/15,Russia
206,Leda,Northcliffe,lnorthcliffeh@cmu.edu,Female,58.68.179.210,2020/11/14,Czech Republic
207,Halimeda,Besset,hbesseti@cocolog-nifty.com,Male,138.55.109.203,2020/07/10,Brazil
208,Lalo,Downgate,ldowngatej@symantec.com,Female,205.227.104.109,2021/03/31,Russia
209,Ethelyn,Lowndsborough,elowndsboroughk@nhs.uk,Male,154.129.103.117,2021/04/26,Libya
210,Seka,Epperson,seppersonl@typepad.com,Female,10.48.84.120,2020/07/21,Colombia
211,Elvina,Caldeyroux,ecaldeyrouxm@home.pl,Male,183.162.245.11,2020/08/22,Vietnam
212,Nettle,Langton,nlangtonn@microsoft.com,Male,14.118.143.43,2020/10/23,China
213,Imogene,Woodrow,iwoodrowo@ted.com,Male,46.3.146.255,2020/08/03,Indonesia
214,Mariam,M'Chirrie,mmchirriep@ihg.com,Female,63.37.196.191,2020/09/22,Indonesia
215,Jozef,Hastelow,jhastelowq@twitpic.com,Female,140.233.68.2,2020/12/28,China
216,Marcella,Plott,mplottr@abc.net.au,Male,179.6.202.245,2021/03/20,Brazil
217,Clyve,Brackstone,cbrackstones@odnoklassniki.ru,Male,245.207.233.192,2021/04/01,Russia
218,Emili,Aldgate,ealdgatet@miitbeian.gov.cn,Male,248.33.97.64,2020/05/24,Philippines
219,Arly,Bergeau,abergeauu@webeden.co.uk,Female,189.54.108.92,2020/11/23,China
220,Nadia,Sambrook,nsambrookv@tiny.cc,Male,192.35.199.241,2020/06/12,South Africa
221,Conney,MacAdie,cmacadiew@g.co,Male,190.115.17.180,2020/07/08,China
222,Berri,Shallow,bshallowx@com.com,Female,35.4.1.21,2020/09/28,Portugal
223,Farly,Leveritt,fleveritty@fotki.com,Male,89.247.41.151,2020/11/05,China
224,Jsandye,Fredi,jfrediz@123-reg.co.uk,Male,49.11.84.102,2021/04/22,Poland
225,Joyous,Mayhow,jmayhow10@imgur.com,Female,253.127.12.244,2020/07/20,Indonesia
226,Abagael,Lattie,alattie11@cisco.com,Female,4.85.28.17,2021/01/07,China
227,Joletta,Sabbins,jsabbins12@paginegialle.it,Female,39.170.121.123,2021/03/28,Indonesia
228,Gratia,Pawsey,gpawsey13@yandex.ru,Male,235.250.204.80,2020/06/07,Greece
229,Gail,Searle,gsearle14@ocn.ne.jp,Male,174.221.190.199,2021/03/03,Philippines
230,Maurise,Magner,mmagner15@photobucket.com,Male,191.100.254.85,2020/11/03,Indonesia
231,Laraine,Seres,lseres16@xrea.com,Male,46.25.71.104,2021/05/02,Indonesia
232,Elke,McPike,emcpike17@tinypic.com,Female,15.204.33.243,2020/08/03,Ecuador
233,Aubrette,Lathleiff,alathleiff18@mediafire.com,Female,26.94.94.48,2020/09/13,France
234,Piggy,Fulun,pfulun19@cafepress.com,Male,164.128.133.17,2020/09/10,Yemen
235,Sonny,Hirthe,shirthe1a@usda.gov,Female,118.115.237.110,2020/09/01,Serbia
236,Fayth,Paddock,fpaddock0@nytimes.com,Female,95.152.83.222,2020/09/15,China
237,Ogden,Ander,oander1@w3.org,Female,79.153.96.224,2020/10/15,United States
238,Ludovico,Defew,ldefew2@github.io,Male,44.72.101.250,2020/05/23,Peru
239,Ambrosius,Menlow,amenlow3@weather.com,Male,66.138.160.23,2021/04/11,China
240,Inglebert,Barrasse,ibarrasse4@soup.io,Male,180.85.153.228,2020/08/03,Indonesia
241,Verge,Falla,vfalla5@ucsd.edu,Female,71.150.69.49,2021/03/17,Indonesia
242,Darby,Couchman,dcouchman6@epa.gov,Male,240.18.37.91,2020/07/20,Russia
243,Henka,Sabater,hsabater7@squarespace.com,Female,64.9.232.61,2020/09/25,Russia
244,Monty,Yanin,myanin8@webs.com,Male,203.137.234.230,2020/05/15,Kenya
245,Joelynn,Cowdry,jcowdry9@flavors.me,Female,140.188.107.129,2020/05/18,Indonesia
246,Valene,Utting,vuttinga@comcast.net,Male,26.105.0.12,2020/08/02,Indonesia
247,Hobey,Bindley,hbindleyb@livejournal.com,Female,135.47.66.228,2021/02/03,China
248,Rozamond,Greenleaf,rgreenleafc@exblog.jp,Female,122.68.222.20,2021/05/03,Indonesia
249,Robby,Barhims,rbarhimsd@miibeian.gov.cn,Female,183.0.255.71,2021/02/09,Philippines
250,Lynde,Renbold,lrenbolde@fastcompany.com,Male,67.232.226.88,2020/08/12,Russia
251,Kath,Wyldes,kwyldesf@craigslist.org,Female,45.223.209.98,2020/08/14,Ukraine
252,Anderson,Andrieux,aandrieuxg@google.com.au,Male,213.237.67.125,2020/07/15,Russia
253,Leda,Northcliffe,lnorthcliffeh@cmu.edu,Female,58.68.179.210,2020/11/14,Czech Republic
254,Halimeda,Besset,hbesseti@cocolog-nifty.com,Male,138.55.109.203,2020/07/10,Brazil
255,Lalo,Downgate,ldowngatej@symantec.com,Female,205.227.104.109,2021/03/31,Russia
256,Ethelyn,Lowndsborough,elowndsboroughk@nhs.uk,Male,154.129.103.117,2021/04/26,Libya
257,Seka,Epperson,seppersonl@typepad.com,Female,10.48.84.120,2020/07/21,Colombia
258,Elvina,Caldeyroux,ecaldeyrouxm@home.pl,Male,183.162.245.11,2020/08/22,Vietnam
259,Nettle,Langton,nlangtonn@microsoft.com,Male,14.118.143.43,2020/10/23,China
260,Imogene,Woodrow,iwoodrowo@ted.com,Male,46.3.146.255,2020/08/03,Indonesia
261,Mariam,M'Chirrie,mmchirriep@ihg.com,Female,63.37.196.191,2020/09/22,Indonesia
262,Jozef,Hastelow,jhastelowq@twitpic.com,Female,140.233.68.2,2020/12/28,China
263,Marcella,Plott,mplottr@abc.net.au,Male,179.6.202.245,2021/03/20,Brazil
264,Clyve,Brackstone,cbrackstones@odnoklassniki.ru,Male,245.207.233.192,2021/04/01,Russia
265,Emili,Aldgate,ealdgatet@miitbeian.gov.cn,Male,248.33.97.64,2020/05/24,Philippines
266,Arly,Bergeau,abergeauu@webeden.co.uk,Female,189.54.108.92,2020/11/23,China
267,Nadia,Sambrook,nsambrookv@tiny.cc,Male,192.35.199.241,2020/06/12,South Africa
268,Conney,MacAdie,cmacadiew@g.co,Male,190.115.17.180,2020/07/08,China
269,Berri,Shallow,bshallowx@com.com,Female,35.4.1.21,2020/09/28,Portugal
270,Farly,Leveritt,fleveritty@fotki.com,Male,89.247.41.151,2020/11/05,China
271,Jsandye,Fredi,jfrediz@123-reg.co.uk,Male,49.11.84.102,2021/04/22,Poland
272,Joyous,Mayhow,jmayhow10@imgur.com,Female,253.127.12.244,2020/07/20,Indonesia
273,Abagael,Lattie,alattie11@cisco.com,Female,4.85.28.17,2021/01/07,China
274,Joletta,Sabbins,jsabbins12@paginegialle.it,Female,39.170.121.123,2021/03/28,Indonesia
275,Gratia,Pawsey,gpawsey13@yandex.ru,Male,235.250.204.80,2020/06/07,Greece
276,Gail,Searle,gsearle14@ocn.ne.jp,Male,174.221.190.199,2021/03/03,Philippines
277,Maurise,Magner,mmagner15@photobucket.com,Male,191.100.254.85,2020/11/03,Indonesia
278,Laraine,Seres,lseres16@xrea.com,Male,46.25.71.104,2021/05/02,Indonesia
279,Elke,McPike,emcpike17@tinypic.com,Female,15.204.33.243,2020/08/03,Ecuador
280,Aubrette,Lathleiff,alathleiff18@mediafire.com,Female,26.94.94.48,2020/09/13,France
281,Piggy,Fulun,pfulun19@cafepress.com,Male,164.128.133.17,2020/09/10,Yemen
282,Sonny,Hirthe,shirthe1a@usda.gov,Female,118.115.237.110,2020/09/01,Serbia
283,Fayth,Paddock,fpaddock0@nytimes.com,Female,95.152.83.222,2020/09/15,China
284,Ogden,Ander,oander1@w3.org,Female,79.153.96.224,2020/10/15,United States
285,Ludovico,Defew,ldefew2@github.io,Male,44.72.101.250,2020/05/23,Peru
286,Ambrosius,Menlow,amenlow3@weather.com,Male,66.138.160.23,2021/04/11,China
287,Inglebert,Barrasse,ibarrasse4@soup.io,Male,180.85.153.228,2020/08/03,Indonesia
288,Verge,Falla,vfalla5@ucsd.edu,Female,71.150.69.49,2021/03/17,Indonesia
289,Darby,Couchman,dcouchman6@epa.gov,Male,240.18.37.91,2020/07/20,Russia
290,Henka,Sabater,hsabater7@squarespace.com,Female,64.9.232.61,2020/09/25,Russia
291,Monty,Yanin,myanin8@webs.com,Male,203.137.234.230,2020/05/15,Kenya
292,Joelynn,Cowdry,jcowdry9@flavors.me,Female,140.188.107.129,2020/05/18,Indonesia
293,Valene,Utting,vuttinga@comcast.net,Male,26.105.0.12,2020/08/02,Indonesia
294,Hobey,Bindley,hbindleyb@livejournal.com,Female,135.47.66.228,2021/02/03,China
295,Rozamond,Greenleaf,rgreenleafc@exblog.jp,Female,122.68.222.20,2021/05/03,Indonesia
296,Robby,Barhims,rbarhimsd@miibeian.gov.cn,Female,183.0.255.71,2021/02/09,Philippines
297,Lynde,Renbold,lrenbolde@fastcompany.com,Male,67.232.226.88,2020/08/12,Russia
298,Kath,Wyldes,kwyldesf@craigslist.org,Female,45.223.209.98,2020/08/14,Ukraine
299,Anderson,Andrieux,aandrieuxg@google.com.au,Male,213.237.67.125,2020/07/15,Russia
300,Leda,Northcliffe,lnorthcliffeh@cmu.edu,Female,58.68.179.210,2020/11/14,Czech Republic
301,Halimeda,Besset,hbesseti@cocolog-nifty.com,Male,138.55.109.203,2020/07/10,Brazil
302,Lalo,Downgate,ldowngatej@symantec.com,Female,205.227.104.109,2021/03/31,Russia
303,Ethelyn,Lowndsborough,elowndsboroughk@nhs.uk,Male,154.129.103.117,2021/04/26,Libya
304,Seka,Epperson,seppersonl@typepad.com,Female,10.48.84.120,2020/07/21,Colombia
305,Elvina,Caldeyroux,ecaldeyrouxm@home.pl,Male,183.162.245.11,2020/08/22,Vietnam
306,Nettle,Langton,nlangtonn@microsoft.com,Male,14.118.143.43,2020/10/23,China
307,Imogene,Woodrow,iwoodrowo@ted.com,Male,46.3.146.255,2020/08/03,Indonesia
308,Mariam,M'Chirrie,mmchirriep@ihg.com,Female,63.37.196.191,2020/09/22,Indonesia
309,Jozef,Hastelow,jhastelowq@twitpic.com,Female,140.233.68.2,2020/12/28,China
310,Marcella,Plott,mplottr@abc.net.au,Male,179.6.202.245,2021/03/20,Brazil
311,Clyve,Brackstone,cbrackstones@odnoklassniki.ru,Male,245.207.233.192,2021/04/01,Russia
312,Emili,Aldgate,ealdgatet@miitbeian.gov.cn,Male,248.33.97.64,2020/05/24,Philippines
313,Arly,Bergeau,abergeauu@webeden.co.uk,Female,189.54.108.92,2020/11/23,China
314,Nadia,Sambrook,nsambrookv@tiny.cc,Male,192.35.199.241,2020/06/12,South Africa
315,Conney,MacAdie,cmacadiew@g.co,Male,190.115.17.180,2020/07/08,China
316,Berri,Shallow,bshallowx@com.com,Female,35.4.1.21,2020/09/28,Portugal
317,Farly,Leveritt,fleveritty@fotki.com,Male,89.247.41.151,2020/11/05,China
318,Jsandye,Fredi,jfrediz@123-reg.co.uk,Male,49.11.84.102,2021/04/22,Poland
319,Joyous,Mayhow,jmayhow10@imgur.com,Female,253.127.12.244,2020/07/20,Indonesia
320,Abagael,Lattie,alattie11@cisco.com,Female,4.85.28.17,2021/01/07,China
321,Joletta,Sabbins,jsabbins12@paginegialle.it,Female,39.170.121.123,2021/03/28,Indonesia
322,Gratia,Pawsey,gpawsey13@yandex.ru,Male,235.250.204.80,2020/06/07,Greece
323,Gail,Searle,gsearle14@ocn.ne.jp,Male,174.221.190.199,2021/03/03,Philippines
324,Maurise,Magner,mmagner15@photobucket.com,Male,191.100.254.85,2020/11/03,Indonesia
325,Laraine,Seres,lseres16@xrea.com,Male,46.25.71.104,2021/05/02,Indonesia
326,Elke,McPike,emcpike17@tinypic.com,Female,15.204.33.243,2020/08/03,Ecuador
327,Aubrette,Lathleiff,alathleiff18@mediafire.com,Female,26.94.94.48,2020/09/13,France
328,Piggy,Fulun,pfulun19@cafepress.com,Male,164.128.133.17,2020/09/10,Yemen
329,Sonny,Hirthe,shirthe1a@usda.gov,Female,118.115.237.110,2020/09/01,Serbia
330,Fayth,Paddock,fpaddock0@nytimes.com,Female,95.152.83.222,2020/09/15,China
331,Ogden,Ander,oander1@w3.org,Female,79.153.96.224,2020/10/15,United States
332,Ludovico,Defew,ldefew2@github.io,Male,44.72.101.250,2020/05/23,Peru
333,Ambrosius,Menlow,amenlow3@weather.com,Male,66.138.160.23,2021/04/11,China
334,Inglebert,Barrasse,ibarrasse4@soup.io,Male,180.85.153.228,2020/08/03,Indonesia
335,Verge,Falla,vfalla5@ucsd.edu,Female,71.150.69.49,2021/03/17,Indonesia
336,Darby,Couchman,dcouchman6@epa.gov,Male,240.18.37.91,2020/07/20,Russia
337,Henka,Sabater,hsabater7@squarespace.com,Female,64.9.232.61,2020/09/25,Russia
338,Monty,Yanin,myanin8@webs.com,Male,203.137.234.230,2020/05/15,Kenya
339,Joelynn,Cowdry,jcowdry9@flavors.me,Female,140.188.107.129,2020/05/18,Indonesia
340,Valene,Utting,vuttinga@comcast.net,Male,26.105.0.12,2020/08/02,Indonesia
341,Hobey,Bindley,hbindleyb@livejournal.com,Female,135.47.66.228,2021/02/03,China
342,Rozamond,Greenleaf,rgreenleafc@exblog.jp,Female,122.68.222.20,2021/05/03,Indonesia
343,Robby,Barhims,rbarhimsd@miibeian.gov.cn,Female,183.0.255.71,2021/02/09,Philippines
344,Lynde,Renbold,lrenbolde@fastcompany.com,Male,67.232.226.88,2020/08/12,Russia
345,Kath,Wyldes,kwyldesf@craigslist.org,Female,45.223.209.98,2020/08/14,Ukraine
346,Anderson,Andrieux,aandrieuxg@google.com.au,Male,213.237.67.125,2020/07/15,Russia
347,Leda,Northcliffe,lnorthcliffeh@cmu.edu,Female,58.68.179.210,2020/11/14,Czech Republic
348,Halimeda,Besset,hbesseti@cocolog-nifty.com,Male,138.55.109.203,2020/07/10,Brazil
349,Lalo,Downgate,ldowngatej@symantec.com,Female,205.227.104.109,2021/03/31,Russia
350,Ethelyn,Lowndsborough,elowndsboroughk@nhs.uk,Male,154.129.103.117,2021/04/26,Libya
351,Seka,Epperson,seppersonl@typepad.com,Female,10.48.84.120,2020/07/21,Colombia
352,Elvina,Caldeyroux,ecaldeyrouxm@home.pl,Male,183.162.245.11,2020/08/22,Vietnam
353,Nettle,Langton,nlangtonn@microsoft.com,Male,14.118.143.43,2020/10/23,China
354,Imogene,Woodrow,iwoodrowo@ted.com,Male,46.3.146.255,2020/08/03,Indonesia
355,Mariam,M'Chirrie,mmchirriep@ihg.com,Female,63.37.196.191,2020/09/22,Indonesia
356,Jozef,Hastelow,jhastelowq@twitpic.com,Female,140.233.68.2,2020/12/28,China
357,Marcella,Plott,mplottr@abc.net.au,Male,179.6.202.245,2021/03/20,Brazil
358,Clyve,Brackstone,cbrackstones@odnoklassniki.ru,Male,245.207.233.192,2021/04/01,Russia
359,Emili,Aldgate,ealdgatet@miitbeian.gov.cn,Male,248.33.97.64,2020/05/24,Philippines
360,Arly,Bergeau,abergeauu@webeden.co.uk,Female,189.54.108.92,2020/11/23,China
361,Nadia,Sambrook,nsambrookv@tiny.cc,Male,192.35.199.241,2020/06/12,South Africa
362,Conney,MacAdie,cmacadiew@g.co,Male,190.115.17.180,2020/07/08,China
363,Berri,Shallow,bshallowx@com.com,Female,35.4.1.21,2020/09/28,Portugal
364,Farly,Leveritt,fleveritty@fotki.com,Male,89.247.41.151,2020/11/05,China
365,Jsandye,Fredi,jfrediz@123-reg.co.uk,Male,49.11.84.102,2021/04/22,Poland
366,Joyous,Mayhow,jmayhow10@imgur.com,Female,253.127.12.244,2020/07/20,Indonesia
367,Abagael,Lattie,alattie11@cisco.com,Female,4.85.28.17,2021/01/07,China
368,Joletta,Sabbins,jsabbins12@paginegialle.it,Female,39.170.121.123,2021/03/28,Indonesia
369,Gratia,Pawsey,gpawsey13@yandex.ru,Male,235.250.204.80,2020/06/07,Greece
370,Gail,Searle,gsearle14@ocn.ne.jp,Male,174.221.190.199,2021/03/03,Philippines
371,Maurise,Magner,mmagner15@photobucket.com,Male,191.100.254.85,2020/11/03,Indonesia
372,Laraine,Seres,lseres16@xrea.com,Male,46.25.71.104,2021/05/02,Indonesia
373,Elke,McPike,emcpike17@tinypic.com,Female,15.204.33.243,2020/08/03,Ecuador
374,Aubrette,Lathleiff,alathleiff18@mediafire.com,Female,26.94.94.48,2020/09/13,France
375,Piggy,Fulun,pfulun19@cafepress.com,Male,164.128.133.17,2020/09/10,Yemen
376,Sonny,Hirthe,shirthe1a@usda.gov,Female,118.115.237.110,2020/09/01,Serbia
377,Fayth,Paddock,fpaddock0@nytimes.com,Female,95.152.83.222,2020/09/15,China
378,Ogden,Ander,oander1@w3.org,Female,79.153.96.224,2020/10/15,United States
379,Ludovico,Defew,ldefew2@github.io,Male,44.72.101.250,2020/05/23,Peru
380,Ambrosius,Menlow,amenlow3@weather.com,Male,66.138.160.23,2021/04/11,China
381,Inglebert,Barrasse,ibarrasse4@soup.io,Male,180.85.153.228,2020/08/03,Indonesia
382,Verge,Falla,vfalla5@ucsd.edu,Female,71.150.69.49,2021/03/17,Indonesia
383,Darby,Couchman,dcouchman6@epa.gov,Male,240.18.37.91,2020/07/20,Russia
384,Henka,Sabater,hsabater7@squarespace.com,Female,64.9.232.61,2020/09/25,Russia
385,Monty,Yanin,myanin8@webs.com,Male,203.137.234.230,2020/05/15,Kenya
386,Joelynn,Cowdry,jcowdry9@flavors.me,Female,140.188.107.129,2020/05/18,Indonesia
387,Valene,Utting,vuttinga@comcast.net,Male,26.105.0.12,2020/08/02,Indonesia
388,Hobey,Bindley,hbindleyb@livejournal.com,Female,135.47.66.228,2021/02/03,China
389,Rozamond,Greenleaf,rgreenleafc@exblog.jp,Female,122.68.222.20,2021/05/03,Indonesia
390,Robby,Barhims,rbarhimsd@miibeian.gov.cn,Female,183.0.255.71,2021/02/09,Philippines
391,Lynde,Renbold,lrenbolde@fastcompany.com,Male,67.232.226.88,2020/08/12,Russia
392,Kath,Wyldes,kwyldesf@craigslist.org,Female,45.223.209.98,2020/08/14,Ukraine
393,Anderson,Andrieux,aandrieuxg@google.com.au,Male,213.237.67.125,2020/07/15,Russia
394,Leda,Northcliffe,lnorthcliffeh@cmu.edu,Female,58.68.179.210,2020/11/14,Czech Republic
395,Halimeda,Besset,hbesseti@cocolog-nifty.com,Male,138.55.109.203,2020/07/10,Brazil
396,Lalo,Downgate,ldowngatej@symantec.com,Female,205.227.104.109,2021/03/31,Russia
397,Ethelyn,Lowndsborough,elowndsboroughk@nhs.uk,Male,154.129.103.117,2021/04/26,Libya
398,Seka,Epperson,seppersonl@typepad.com,Female,10.48.84.120,2020/07/21,Colombia
399,Elvina,Caldeyroux,ecaldeyrouxm@home.pl,Male,183.162.245.11,2020/08/22,Vietnam
400,Nettle,Langton,nlangtonn@microsoft.com,Male,14.118.143.43,2020/10/23,China
401,Imogene,Woodrow,iwoodrowo@ted.com,Male,46.3.146.255,2020/08/03,Indonesia
402,Mariam,M'Chirrie,mmchirriep@ihg.com,Female,63.37.196.191,2020/09/22,Indonesia
403,Jozef,Hastelow,jhastelowq@twitpic.com,Female,140.233.68.2,2020/12/28,China
404,Marcella,Plott,mplottr@abc.net.au,Male,179.6.202.245,2021/03/20,Brazil
405,Clyve,Brackstone,cbrackstones@odnoklassniki.ru,Male,245.207.233.192,2021/04/01,Russia
406,Emili,Aldgate,ealdgatet@miitbeian.gov.cn,Male,248.33.97.64,2020/05/24,Philippines
407,Arly,Bergeau,abergeauu@webeden.co.uk,Female,189.54.108.92,2020/11/23,China
408,Nadia,Sambrook,nsambrookv@tiny.cc,Male,192.35.199.241,2020/06/12,South Africa
409,Conney,MacAdie,cmacadiew@g.co,Male,190.115.17.180,2020/07/08,China
410,Berri,Shallow,bshallowx@com.com,Female,35.4.1.21,2020/09/28,Portugal
411,Farly,Leveritt,fleveritty@fotki.com,Male,89.247.41.151,2020/11/05,China
412,Jsandye,Fredi,jfrediz@123-reg.co.uk,Male,49.11.84.102,2021/04/22,Poland
413,Joyous,Mayhow,jmayhow10@imgur.com,Female,253.127.12.244,2020/07/20,Indonesia
414,Abagael,Lattie,alattie11@cisco.com,Female,4.85.28.17,2021/01/07,China
415,Joletta,Sabbins,jsabbins12@paginegialle.it,Female,39.170.121.123,2021/03/28,Indonesia
416,Gratia,Pawsey,gpawsey13@yandex.ru,Male,235.250.204.80,2020/06/07,Greece
417,Gail,Searle,gsearle14@ocn.ne.jp,Male,174.221.190.199,2021/03/03,Philippines
418,Maurise,Magner,mmagner15@photobucket.com,Male,191.100.254.85,2020/11/03,Indonesia
419,Laraine,Seres,lseres16@xrea.com,Male,46.25.71.104,2021/05/02,Indonesia
420,Elke,McPike,emcpike17@tinypic.com,Female,15.204.33.243,2020/08/03,Ecuador
421,Aubrette,Lathleiff,alathleiff18@mediafire.com,Female,26.94.94.48,2020/09/13,France
422,Piggy,Fulun,pfulun19@cafepress.com,Male,164.128.133.17,2020/09/10,Yemen
423,Sonny,Hirthe,shirthe1a@usda.gov,Female,118.115.237.110,2020/09/01,Serbia
424,Fayth,Paddock,fpaddock0@nytimes.com,Female,95.152.83.222,2020/09/15,China
425,Ogden,Ander,oander1@w3.org,Female,79.153.96.224,2020/10/15,United States
426,Ludovico,Defew,ldefew2@github.io,Male,44.72.101.250,2020/05/23,Peru
427,Ambrosius,Menlow,amenlow3@weather.com,Male,66.138.160.23,2021/04/11,China
428,Inglebert,Barrasse,ibarrasse4@soup.io,Male,180.85.153.228,2020/08/03,Indonesia
429,Verge,Falla,vfalla5@ucsd.edu,Female,71.150.69.49,2021/03/17,Indonesia
430,Darby,Couchman,dcouchman6@epa.gov,Male,240.18.37.91,2020/07/20,Russia
431,Henka,Sabater,hsabater7@squarespace.com,Female,64.9.232.61,2020/09/25,Russia
432,Monty,Yanin,myanin8@webs.com,Male,203.137.234.230,2020/05/15,Kenya
433,Joelynn,Cowdry,jcowdry9@flavors.me,Female,140.188.107.129,2020/05/18,Indonesia
434,Valene,Utting,vuttinga@comcast.net,Male,26.105.0.12,2020/08/02,Indonesia
435,Hobey,Bindley,hbindleyb@livejournal.com,Female,135.47.66.228,2021/02/03,China
436,Rozamond,Greenleaf,rgreenleafc@exblog.jp,Female,122.68.222.20,2021/05/03,Indonesia
437,Robby,Barhims,rbarhimsd@miibeian.gov.cn,Female,183.0.255.71,2021/02/09,Philippines
438,Lynde,Renbold,lrenbolde@fastcompany.com,Male,67.232.226.88,2020/08/12,Russia
439,Kath,Wyldes,kwyldesf@craigslist.org,Female,45.223.209.98,2020/08/14,Ukraine
440,Anderson,Andrieux,aandrieuxg@google.com.au,Male,213.237.67.125,2020/07/15,Russia
441,Leda,Northcliffe,lnorthcliffeh@cmu.edu,Female,58.68.179.210,2020/11/14,Czech Republic
442,Halimeda,Besset,hbesseti@cocolog-nifty.com,Male,138.55.109.203,2020/07/10,Brazil
443,Lalo,Downgate,ldowngatej@symantec.com,Female,205.227.104.109,2021/03/31,Russia
444,Ethelyn,Lowndsborough,elowndsboroughk@nhs.uk,Male,154.129.103.117,2021/04/26,Libya
445,Seka,Epperson,seppersonl@typepad.com,Female,10.48.84.120,2020/07/21,Colombia
446,Elvina,Caldeyroux,ecaldeyrouxm@home.pl,Male,183.162.245.11,2020/08/22,Vietnam
447,Nettle,Langton,nlangtonn@microsoft.com,Male,14.118.143.43,2020/10/23,China
448,Imogene,Woodrow,iwoodrowo@ted.com,Male,46.3.146.255,2020/08/03,Indonesia
449,Mariam,M'Chirrie,mmchirriep@ihg.com,Female,63.37.196.191,2020/09/22,Indonesia
450,Jozef,Hastelow,jhastelowq@twitpic.com,Female,140.233.68.2,2020/12/28,China
451,Marcella,Plott,mplottr@abc.net.au,Male,179.6.202.245,2021/03/20,Brazil
452,Clyve,Brackstone,cbrackstones@odnoklassniki.ru,Male,245.207.233.192,2021/04/01,Russia
453,Emili,Aldgate,ealdgatet@miitbeian.gov.cn,Male,248.33.97.64,2020/05/24,Philippines
454,Arly,Bergeau,abergeauu@webeden.co.uk,Female,189.54.108.92,2020/11/23,China
455,Nadia,Sambrook,nsambrookv@tiny.cc,Male,192.35.199.241,2020/06/12,South Africa
456,Conney,MacAdie,cmacadiew@g.co,Male,190.115.17.180,2020/07/08,China
457,Berri,Shallow,bshallowx@com.com,Female,35.4.1.21,2020/09/28,Portugal
458,Farly,Leveritt,fleveritty@fotki.com,Male,89.247.41.151,2020/11/05,China
459,Jsandye,Fredi,jfrediz@123-reg.co.uk,Male,49.11.84.102,2021/04/22,Poland
460,Joyous,Mayhow,jmayhow10@imgur.com,Female,253.127.12.244,2020/07/20,Indonesia
461,Abagael,Lattie,alattie11@cisco.com,Female,4.85.28.17,2021/01/07,China
462,Joletta,Sabbins,jsabbins12@paginegialle.it,Female,39.170.121.123,2021/03/28,Indonesia
463,Gratia,Pawsey,gpawsey13@yandex.ru,Male,235.250.204.80,2020/06/07,Greece
464,Gail,Searle,gsearle14@ocn.ne.jp,Male,174.221.190.199,2021/03/03,Philippines
465,Maurise,Magner,mmagner15@photobucket.com,Male,191.100.254.85,2020/11/03,Indonesia
466,Laraine,Seres,lseres16@xrea.com,Male,46.25.71.104,2021/05/02,Indonesia
467,Elke,McPike,emcpike17@tinypic.com,Female,15.204.33.243,2020/08/03,Ecuador
468,Aubrette,Lathleiff,alathleiff18@mediafire.com,Female,26.94.94.48,2020/09/13,France
469,Piggy,Fulun,pfulun19@cafepress.com,Male,164.128.133.17,2020/09/10,Yemen
470,Sonny,Hirthe,shirthe1a@usda.gov,Female,118.115.237.110,2020/09/01,Serbia
471,Fayth,Paddock,fpaddock0@nytimes.com,Female,95.152.83.222,2020/09/15,China
472,Ogden,Ander,oander1@w3.org,Female,79.153.96.224,2020/10/15,United States
473,Ludovico,Defew,ldefew2@github.io,Male,44.72.101.250,2020/05/23,Peru
474,Ambrosius,Menlow,amenlow3@weather.com,Male,66.138.160.23,2021/04/11,China
475,Inglebert,Barrasse,ibarrasse4@soup.io,Male,180.85.153.228,2020/08/03,Indonesia
476,Verge,Falla,vfalla5@ucsd.edu,Female,71.150.69.49,2021/03/17,Indonesia
477,Darby,Couchman,dcouchman6@epa.gov,Male,240.18.37.91,2020/07/20,Russia
478,Henka,Sabater,hsabater7@squarespace.com,Female,64.9.232.61,2020/09/25,Russia
479,Monty,Yanin,myanin8@webs.com,Male,203.137.234.230,2020/05/15,Kenya
480,Joelynn,Cowdry,jcowdry9@flavors.me,Female,140.188.107.129,2020/05/18,Indonesia
481,Valene,Utting,vuttinga@comcast.net,Male,26.105.0.12,2020/08/02,Indonesia
482,Hobey,Bindley,hbindleyb@livejournal.com,Female,135.47.66.228,2021/02/03,China
483,Rozamond,Greenleaf,rgreenleafc@exblog.jp,Female,122.68.222.20,2021/05/03,Indonesia
484,Robby,Barhims,rbarhimsd@miibeian.gov.cn,Female,183.0.255.71,2021/02/09,Philippines
485,Lynde,Renbold,lrenbolde@fastcompany.com,Male,67.232.226.88,2020/08/12,Russia
486,Kath,Wyldes,kwyldesf@craigslist.org,Female,45.223.209.98,2020/08/14,Ukraine
487,Anderson,Andrieux,aandrieuxg@google.com.au,Male,213.237.67.125,2020/07/15,Russia
488,Leda,Northcliffe,lnorthcliffeh@cmu.edu,Female,58.68.179.210,2020/11/14,Czech Republic
489,Halimeda,Besset,hbesseti@cocolog-nifty.com,Male,138.55.109.203,2020/07/10,Brazil
490,Lalo,Downgate,ldowngatej@symantec.com,Female,205.227.104.109,2021/03/31,Russia
491,Ethelyn,Lowndsborough,elowndsboroughk@nhs.uk,Male,154.129.103.117,2021/04/26,Libya
492,Seka,Epperson,seppersonl@typepad.com,Female,10.48.84.120,2020/07/21,Colombia
493,Elvina,Caldeyroux,ecaldeyrouxm@home.pl,Male,183.162.245.11,2020/08/22,Vietnam
494,Nettle,Langton,nlangtonn@microsoft.com,Male,14.118.143.43,2020/10/23,China
495,Imogene,Woodrow,iwoodrowo@ted.com,Male,46.3.146.255,2020/08/03,Indonesia
496,Mariam,M'Chirrie,mmchirriep@ihg.com,Female,63.37.196.191,2020/09/22,Indonesia
497,Jozef,Hastelow,jhastelowq@twitpic.com,Female,140.233.68.2,2020/12/28,China
498,Marcella,Plott,mplottr@abc.net.au,Male,179.6.202.245,2021/03/20,Brazil
499,Clyve,Brackstone,cbrackstones@odnoklassniki.ru,Male,245.207.233.192,2021/04/01,Russia
500,Emili,Aldgate,ealdgatet@miitbeian.gov.cn,Male,248.33.97.64,2020/05/24,Philippines
501,Arly,Bergeau,abergeauu@webeden.co.uk,Female,189.54.108.92,2020/11/23,China
502,Nadia,Sambrook,nsambrookv@tiny.cc,Male,192.35.199.241,2020/06/12,South Africa
503,Conney,MacAdie,cmacadiew@g.co,Male,190.115.17.180,2020/07/08,China
504,Berri,Shallow,bshallowx@com.com,Female,35.4.1.21,2020/09/28,Portugal
505,Farly,Leveritt,fleveritty@fotki.com,Male,89.247.41.151,2020/11/05,China
506,Jsandye,Fredi,jfrediz@123-reg.co.uk,Male,49.11.84.102,2021/04/22,Poland
507,Joyous,Mayhow,jmayhow10@imgur.com,Female,253.127.12.244,2020/07/20,Indonesia
508,Abagael,Lattie,alattie11@cisco.com,Female,4.85.28.17,2021/01/07,China
509,Joletta,Sabbins,jsabbins12@paginegialle.it,Female,39.170.121.123,2021/03/28,Indonesia
510,Gratia,Pawsey,gpawsey13@yandex.ru,Male,235.250.204.80,2020/06/07,Greece
511,Gail,Searle,gsearle14@ocn.ne.jp,Male,174.221.190.199,2021/03/03,Philippines
512,Maurise,Magner,mmagner15@photobucket.com,Male,191.100.254.85,2020/11/03,Indonesia
513,Laraine,Seres,lseres16@xrea.com,Male,46.25.71.104,2021/05/02,Indonesia
514,Elke,McPike,emcpike17@tinypic.com,Female,15.204.33.243,2020/08/03,Ecuador
515,Aubrette,Lathleiff,alathleiff18@mediafire.com,Female,26.94.94.48,2020/09/13,France
516,Piggy,Fulun,pfulun19@cafepress.com,Male,164.128.133.17,2020/09/10,Yemen
517,Sonny,Hirthe,shirthe1a@usda.gov,Female,118.115.237.110,2020/09/01,Serbia
518,Fayth,Paddock,fpaddock0@nytimes.com,Female,95.152.83.222,2020/09/15,China
519,Ogden,Ander,oander1@w3.org,Female,79.153.96.224,2020/10/15,United States
520,Ludovico,Defew,ldefew2@github.io,Male,44.72.101.250,2020/05/23,Peru
521,Ambrosius,Menlow,amenlow3@weather.com,Male,66.138.160.23,2021/04/11,China
522,Inglebert,Barrasse,ibarrasse4@soup.io,Male,180.85.153.228,2020/08/03,Indonesia
523,Verge,Falla,vfalla5@ucsd.edu,Female,71.150.69.49,2021/03/17,Indonesia
524,Darby,Couchman,dcouchman6@epa.gov,Male,240.18.37.91,2020/07/20,Russia
525,Henka,Sabater,hsabater7@squarespace.com,Female,64.9.232.61,2020/09/25,Russia
526,Monty,Yanin,myanin8@webs.com,Male,203.137.234.230,2020/05/15,Kenya
527,Joelynn,Cowdry,jcowdry9@flavors.me,Female,140.188.107.129,2020/05/18,Indonesia
528,Valene,Utting,vuttinga@comcast.net,Male,26.105.0.12,2020/08/02,Indonesia
529,Hobey,Bindley,hbindleyb@livejournal.com,Female,135.47.66.228,2021/02/03,China
530,Rozamond,Greenleaf,rgreenleafc@exblog.jp,Female,122.68.222.20,2021/05/03,Indonesia
531,Robby,Barhims,rbarhimsd@miibeian.gov.cn,Female,183.0.255.71,2021/02/09,Philippines
532,Lynde,Renbold,lrenbolde@fastcompany.com,Male,67.232.226.88,2020/08/12,Russia
533,Kath,Wyldes,kwyldesf@craigslist.org,Female,45.223.209.98,2020/08/14,Ukraine
534,Anderson,Andrieux,aandrieuxg@google.com.au,Male,213.237.67.125,2020/07/15,Russia
535,Leda,Northcliffe,lnorthcliffeh@cmu.edu,Female,58.68.179.210,2020/11/14,Czech Republic
536,Halimeda,Besset,hbesseti@cocolog-nifty.com,Male,138.55.109.203,2020/07/10,Brazil
537,Lalo,Downgate,ldowngatej@symantec.com,Female,205.227.104.109,2021/03/31,Russia
538,Ethelyn,Lowndsborough,elowndsboroughk@nhs.uk,Male,154.129.103.117,2021/04/26,Libya
539,Seka,Epperson,seppersonl@typepad.com,Female,10.48.84.120,2020/07/21,Colombia
540,Elvina,Caldeyroux,ecaldeyrouxm@home.pl,Male,183.162.245.11,2020/08/22,Vietnam
541,Nettle,Langton,nlangtonn@microsoft.com,Male,14.118.143.43,2020/10/23,China
542,Imogene,Woodrow,iwoodrowo@ted.com,Male,46.3.146.255,2020/08/03,Indonesia
543,Mariam,M'Chirrie,mmchirriep@ihg.com,Female,63.37.196.191,2020/09/22,Indonesia
544,Jozef,Hastelow,jhastelowq@twitpic.com,Female,140.233.68.2,2020/12/28,China
545,Marcella,Plott,mplottr@abc.net.au,Male,179.6.202.245,2021/03/20,Brazil
546,Clyve,Brackstone,cbrackstones@odnoklassniki.ru,Male,245.207.233.192,2021/04/01,Russia
547,Emili,Aldgate,ealdgatet@miitbeian.gov.cn,Male,248.33.97.64,2020/05/24,Philippines
548,Arly,Bergeau,abergeauu@webeden.co.uk,Female,189.54.108.92,2020/11/23,China
549,Nadia,Sambrook,nsambrookv@tiny.cc,Male,192.35.199.241,2020/06/12,South Africa
550,Conney,MacAdie,cmacadiew@g.co,Male,190.115.17.180,2020/07/08,China
551,Berri,Shallow,bshallowx@com.com,Female,35.4.1.21,2020/09/28,Portugal
552,Farly,Leveritt,fleveritty@fotki.com,Male,89.247.41.151,2020/11/05,China
553,Jsandye,Fredi,jfrediz@123-reg.co.uk,Male,49.11.84.102,2021/04/22,Poland
554,Joyous,Mayhow,jmayhow10@imgur.com,Female,253.127.12.244,2020/07/20,Indonesia
555,Abagael,Lattie,alattie11@cisco.com,Female,4.85.28.17,2021/01/07,China
556,Joletta,Sabbins,jsabbins12@paginegialle.it,Female,39.170.121.123,2021/03/28,Indonesia
557,Gratia,Pawsey,gpawsey13@yandex.ru,Male,235.250.204.80,2020/06/07,Greece
558,Gail,Searle,gsearle14@ocn.ne.jp,Male,174.221.190.199,2021/03/03,Philippines
559,Maurise,Magner,mmagner15@photobucket.com,Male,191.100.254.85,2020/11/03,Indonesia
560,Laraine,Seres,lseres16@xrea.com,Male,46.25.71.104,2021/05/02,Indonesia
561,Elke,McPike,emcpike17@tinypic.com,Female,15.204.33.243,2020/08/03,Ecuador
562,Aubrette,Lathleiff,alathleiff18@mediafire.com,Female,26.94.94.48,2020/09/13,France
563,Piggy,Fulun,pfulun19@cafepress.com,Male,164.128.133.17,2020/09/10,Yemen
564,Sonny,Hirthe,shirthe1a@usda.gov,Female,118.115.237.110,2020/09/01,Serbia
565,Fayth,Paddock,fpaddock0@nytimes.com,Female,95.152.83.222,2020/09/15,China
566,Ogden,Ander,oander1@w3.org,Female,79.153.96.224,2020/10/15,United States
567,Ludovico,Defew,ldefew2@github.io,Male,44.72.101.250,2020/05/23,Peru
568,Ambrosius,Menlow,amenlow3@weather.com,Male,66.138.160.23,2021/04/11,China
569,Inglebert,Barrasse,ibarrasse4@soup.io,Male,180.85.153.228,2020/08/03,Indonesia
570,Verge,Falla,vfalla5@ucsd.edu,Female,71.150.69.49,2021/03/17,Indonesia
571,Darby,Couchman,dcouchman6@epa.gov,Male,240.18.37.91,2020/07/20,Russia
572,Henka,Sabater,hsabater7@squarespace.com,Female,64.9.232.61,2020/09/25,Russia
573,Monty,Yanin,myanin8@webs.com,Male,203.137.234.230,2020/05/15,Kenya
574,Joelynn,Cowdry,jcowdry9@flavors.me,Female,140.188.107.129,2020/05/18,Indonesia
575,Valene,Utting,vuttinga@comcast.net,Male,26.105.0.12,2020/08/02,Indonesia
576,Hobey,Bindley,hbindleyb@livejournal.com,Female,135.47.66.228,2021/02/03,China
577,Rozamond,Greenleaf,rgreenleafc@exblog.jp,Female,122.68.222.20,2021/05/03,Indonesia
578,Robby,Barhims,rbarhimsd@miibeian.gov.cn,Female,183.0.255.71,2021/02/09,Philippines
579,Lynde,Renbold,lrenbolde@fastcompany.com,Male,67.232.226.88,2020/08/12,Russia
580,Kath,Wyldes,kwyldesf@craigslist.org,Female,45.223.209.98,2020/08/14,Ukraine
581,Anderson,Andrieux,aandrieuxg@google.com.au,Male,213.237.67.125,2020/07/15,Russia
582,Leda,Northcliffe,lnorthcliffeh@cmu.edu,Female,58.68.179.210,2020/11/14,Czech Republic
583,Halimeda,Besset,hbesseti@cocolog-nifty.com,Male,138.55.109.203,2020/07/10,Brazil
584,Lalo,Downgate,ldowngatej@symantec.com,Female,205.227.104.109,2021/03/31,Russia
585,Ethelyn,Lowndsborough,elowndsboroughk@nhs.uk,Male,154.129.103.117,2021/04/26,Libya
586,Seka,Epperson,seppersonl@typepad.com,Female,10.48.84.120,2020/07/21,Colombia
587,Elvina,Caldeyroux,ecaldeyrouxm@home.pl,Male,183.162.245.11,2020/08/22,Vietnam
588,Nettle,Langton,nlangtonn@microsoft.com,Male,14.118.143.43,2020/10/23,China
589,Imogene,Woodrow,iwoodrowo@ted.com,Male,46.3.146.255,2020/08/03,Indonesia
590,Mariam,M'Chirrie,mmchirriep@ihg.com,Female,63.37.196.191,2020/09/22,Indonesia
591,Jozef,Hastelow,jhastelowq@twitpic.com,Female,140.233.68.2,2020/12/28,China
592,Marcella,Plott,mplottr@abc.net.au,Male,179.6.202.245,2021/03/20,Brazil
593,Clyve,Brackstone,cbrackstones@odnoklassniki.ru,Male,245.207.233.192,2021/04/01,Russia
594,Emili,Aldgate,ealdgatet@miitbeian.gov.cn,Male,248.33.97.64,2020/05/24,Philippines
595,Arly,Bergeau,abergeauu@webeden.co.uk,Female,189.54.108.92,2020/11/23,China
596,Nadia,Sambrook,nsambrookv@tiny.cc,Male,192.35.199.241,2020/06/12,South Africa
597,Conney,MacAdie,cmacadiew@g.co,Male,190.115.17.180,2020/07/08,China
598,Berri,Shallow,bshallowx@com.com,Female,35.4.1.21,2020/09/28,Portugal
599,Farly,Leveritt,fleveritty@fotki.com,Male,89.247.41.151,2020/11/05,China
600,Jsandye,Fredi,jfrediz@123-reg.co.uk,Male,49.11.84.102,2021/04/22,Poland
601,Joyous,Mayhow,jmayhow10@imgur.com,Female,253.127.12.244,2020/07/20,Indonesia
602,Abagael,Lattie,alattie11@cisco.com,Female,4.85.28.17,2021/01/07,China
603,Joletta,Sabbins,jsabbins12@paginegialle.it,Female,39.170.121.123,2021/03/28,Indonesia
604,Gratia,Pawsey,gpawsey13@yandex.ru,Male,235.250.204.80,2020/06/07,Greece
605,Gail,Searle,gsearle14@ocn.ne.jp,Male,174.221.190.199,2021/03/03,Philippines
606,Maurise,Magner,mmagner15@photobucket.com,Male,191.100.254.85,2020/11/03,Indonesia
607,Laraine,Seres,lseres16@xrea.com,Male,46.25.71.104,2021/05/02,Indonesia
608,Elke,McPike,emcpike17@tinypic.com,Female,15.204.33.243,2020/08/03,Ecuador
609,Aubrette,Lathleiff,alathleiff18@mediafire.com,Female,26.94.94.48,2020/09/13,France
610,Piggy,Fulun,pfulun19@cafepress.com,Male,164.128.133.17,2020/09/10,Yemen
611,Sonny,Hirthe,shirthe1a@usda.gov,Female,118.115.237.110,2020/09/01,Serbia
612,Fayth,Paddock,fpaddock0@nytimes.com,Female,95.152.83.222,2020/09/15,China
613,Ogden,Ander,oander1@w3.org,Female,79.153.96.224,2020/10/15,United States
614,Ludovico,Defew,ldefew2@github.io,Male,44.72.101.250,2020/05/23,Peru
615,Ambrosius,Menlow,amenlow3@weather.com,Male,66.138.160.23,2021/04/11,China
616,Inglebert,Barrasse,ibarrasse4@soup.io,Male,180.85.153.228,2020/08/03,Indonesia
617,Verge,Falla,vfalla5@ucsd.edu,Female,71.150.69.49,2021/03/17,Indonesia
618,Darby,Couchman,dcouchman6@epa.gov,Male,240.18.37.91,2020/07/20,Russia
619,Henka,Sabater,hsabater7@squarespace.com,Female,64.9.232.61,2020/09/25,Russia
620,Monty,Yanin,myanin8@webs.com,Male,203.137.234.230,2020/05/15,Kenya
621,Joelynn,Cowdry,jcowdry9@flavors.me,Female,140.188.107.129,2020/05/18,Indonesia
622,Valene,Utting,vuttinga@comcast.net,Male,26.105.0.12,2020/08/02,Indonesia
623,Hobey,Bindley,hbindleyb@livejournal.com,Female,135.47.66.228,2021/02/03,China
624,Rozamond,Greenleaf,rgreenleafc@exblog.jp,Female,122.68.222.20,2021/05/03,Indonesia
625,Robby,Barhims,rbarhimsd@miibeian.gov.cn,Female,183.0.255.71,2021/02/09,Philippines
626,Lynde,Renbold,lrenbolde@fastcompany.com,Male,67.232.226.88,2020/08/12,Russia
627,Kath,Wyldes,kwyldesf@craigslist.org,Female,45.223.209.98,2020/08/14,Ukraine
628,Anderson,Andrieux,aandrieuxg@google.com.au,Male,213.237.67.125,2020/07/15,Russia
629,Leda,Northcliffe,lnorthcliffeh@cmu.edu,Female,58.68.179.210,2020/11/14,Czech Republic
630,Halimeda,Besset,hbesseti@cocolog-nifty.com,Male,138.55.109.203,2020/07/10,Brazil
631,Lalo,Downgate,ldowngatej@symantec.com,Female,205.227.104.109,2021/03/31,Russia
632,Ethelyn,Lowndsborough,elowndsboroughk@nhs.uk,Male,154.129.103.117,2021/04/26,Libya
633,Seka,Epperson,seppersonl@typepad.com,Female,10.48.84.120,2020/07/21,Colombia
634,Elvina,Caldeyroux,ecaldeyrouxm@home.pl,Male,183.162.245.11,2020/08/22,Vietnam
635,Nettle,Langton,nlangtonn@microsoft.com,Male,14.118.143.43,2020/10/23,China
636,Imogene,Woodrow,iwoodrowo@ted.com,Male,46.3.146.255,2020/08/03,Indonesia
637,Mariam,M'Chirrie,mmchirriep@ihg.com,Female,63.37.196.191,2020/09/22,Indonesia
638,Jozef,Hastelow,jhastelowq@twitpic.com,Female,140.233.68.2,2020/12/28,China
639,Marcella,Plott,mplottr@abc.net.au,Male,179.6.202.245,2021/03/20,Brazil
640,Clyve,Brackstone,cbrackstones@odnoklassniki.ru,Male,245.207.233.192,2021/04/01,Russia
641,Emili,Aldgate,ealdgatet@miitbeian.gov.cn,Male,248.33.97.64,2020/05/24,Philippines
642,Arly,Bergeau,abergeauu@webeden.co.uk,Female,189.54.108.92,2020/11/23,China
643,Nadia,Sambrook,nsambrookv@tiny.cc,Male,192.35.199.241,2020/06/12,South Africa
644,Conney,MacAdie,cmacadiew@g.co,Male,190.115.17.180,2020/07/08,China
645,Berri,Shallow,bshallowx@com.com,Female,35.4.1.21,2020/09/28,Portugal
646,Farly,Leveritt,fleveritty@fotki.com,Male,89.247.41.151,2020/11/05,China
647,Jsandye,Fredi,jfrediz@123-reg.co.uk,Male,49.11.84.102,2021/04/22,Poland
648,Joyous,Mayhow,jmayhow10@imgur.com,Female,253.127.12.244,2020/07/20,Indonesia
649,Abagael,Lattie,alattie11@cisco.com,Female,4.85.28.17,2021/01/07,China
650,Joletta,Sabbins,jsabbins12@paginegialle.it,Female,39.170.121.123,2021/03/28,Indonesia
651,Gratia,Pawsey,gpawsey13@yandex.ru,Male,235.250.204.80,2020/06/07,Greece
652,Gail,Searle,gsearle14@ocn.ne.jp,Male,174.221.190.199,2021/03/03,Philippines
653,Maurise,Magner,mmagner15@photobucket.com,Male,191.100.254.85,2020/11/03,Indonesia
654,Laraine,Seres,lseres16@xrea.com,Male,46.25.71.104,2021/05/02,Indonesia
655,Elke,McPike,emcpike17@tinypic.com,Female,15.204.33.243,2020/08/03,Ecuador
656,Aubrette,Lathleiff,alathleiff18@mediafire.com,Female,26.94.94.48,2020/09/13,France
657,Piggy,Fulun,pfulun19@cafepress.com,Male,164.128.133.17,2020/09/10,Yemen
658,Sonny,Hirthe,shirthe1a@usda.gov,Female,118.115.237.110,2020/09/01,Serbia
659,Fayth,Paddock,fpaddock0@nytimes.com,Female,95.152.83.222,2020/09/15,China
660,Ogden,Ander,oander1@w3.org,Female,79.153.96.224,2020/10/15,United States
661,Ludovico,Defew,ldefew2@github.io,Male,44.72.101.250,2020/05/23,Peru
662,Ambrosius,Menlow,amenlow3@weather.com,Male,66.138.160.23,2021/04/11,China
663,Inglebert,Barrasse,ibarrasse4@soup.io,Male,180.85.153.228,2020/08/03,Indonesia
664,Verge,Falla,vfalla5@ucsd.edu,Female,71.150.69.49,2021/03/17,Indonesia
665,Darby,Couchman,dcouchman6@epa.gov,Male,240.18.37.91,2020/07/20,Russia
666,Henka,Sabater,hsabater7@squarespace.com,Female,64.9.232.61,2020/09/25,Russia
667,Monty,Yanin,myanin8@webs.com,Male,203.137.234.230,2020/05/15,Kenya
668,Joelynn,Cowdry,jcowdry9@flavors.me,Female,140.188.107.129,2020/05/18,Indonesia
669,Valene,Utting,vuttinga@comcast.net,Male,26.105.0.12,2020/08/02,Indonesia
670,Hobey,Bindley,hbindleyb@livejournal.com,Female,135.47.66.228,2021/02/03,China
671,Rozamond,Greenleaf,rgreenleafc@exblog.jp,Female,122.68.222.20,2021/05/03,Indonesia
672,Robby,Barhims,rbarhimsd@miibeian.gov.cn,Female,183.0.255.71,2021/02/09,Philippines
673,Lynde,Renbold,lrenbolde@fastcompany.com,Male,67.232.226.88,2020/08/12,Russia
674,Kath,Wyldes,kwyldesf@craigslist.org,Female,45.223.209.98,2020/08/14,Ukraine
675,Anderson,Andrieux,aandrieuxg@google.com.au,Male,213.237.67.125,2020/07/15,Russia
676,Leda,Northcliffe,lnorthcliffeh@cmu.edu,Female,58.68.179.210,2020/11/14,Czech Republic
677,Halimeda,Besset,hbesseti@cocolog-nifty.com,Male,138.55.109.203,2020/07/10,Brazil
678,Lalo,Downgate,ldowngatej@symantec.com,Female,205.227.104.109,2021/03/31,Russia
679,Ethelyn,Lowndsborough,elowndsboroughk@nhs.uk,Male,154.129.103.117,2021/04/26,Libya
680,Seka,Epperson,seppersonl@typepad.com,Female,10.48.84.120,2020/07/21,Colombia
681,Elvina,Caldeyroux,ecaldeyrouxm@home.pl,Male,183.162.245.11,2020/08/22,Vietnam
682,Nettle,Langton,nlangtonn@microsoft.com,Male,14.118.143.43,2020/10/23,China
683,Imogene,Woodrow,iwoodrowo@ted.com,Male,46.3.146.255,2020/08/03,Indonesia
684,Mariam,M'Chirrie,mmchirriep@ihg.com,Female,63.37.196.191,2020/09/22,Indonesia
685,Jozef,Hastelow,jhastelowq@twitpic.com,Female,140.233.68.2,2020/12/28,China
686,Marcella,Plott,mplottr@abc.net.au,Male,179.6.202.245,2021/03/20,Brazil
687,Clyve,Brackstone,cbrackstones@odnoklassniki.ru,Male,245.207.233.192,2021/04/01,Russia
688,Emili,Aldgate,ealdgatet@miitbeian.gov.cn,Male,248.33.97.64,2020/05/24,Philippines
689,Arly,Bergeau,abergeauu@webeden.co.uk,Female,189.54.108.92,2020/11/23,China
690,Nadia,Sambrook,nsambrookv@tiny.cc,Male,192.35.199.241,2020/06/12,South Africa
691,Conney,MacAdie,cmacadiew@g.co,Male,190.115.17.180,2020/07/08,China
692,Berri,Shallow,bshallowx@com.com,Female,35.4.1.21,2020/09/28,Portugal
693,Farly,Leveritt,fleveritty@fotki.com,Male,89.247.41.151,2020/11/05,China
694,Jsandye,Fredi,jfrediz@123-reg.co.uk,Male,49.11.84.102,2021/04/22,Poland
695,Joyous,Mayhow,jmayhow10@imgur.com,Female,253.127.12.244,2020/07/20,Indonesia
696,Abagael,Lattie,alattie11@cisco.com,Female,4.85.28.17,2021/01/07,China
697,Joletta,Sabbins,jsabbins12@paginegialle.it,Female,39.170.121.123,2021/03/28,Indonesia
698,Gratia,Pawsey,gpawsey13@yandex.ru,Male,235.250.204.80,2020/06/07,Greece
699,Gail,Searle,gsearle14@ocn.ne.jp,Male,174.221.190.199,2021/03/03,Philippines
700,Maurise,Magner,mmagner15@photobucket.com,Male,191.100.254.85,2020/11/03,Indonesia
701,Laraine,Seres,lseres16@xrea.com,Male,46.25.71.104,2021/05/02,Indonesia
702,Elke,McPike,emcpike17@tinypic.com,Female,15.204.33.243,2020/08/03,Ecuador
703,Aubrette,Lathleiff,alathleiff18@mediafire.com,Female,26.94.94.48,2020/09/13,France
704,Piggy,Fulun,pfulun19@cafepress.com,Male,164.128.133.17,2020/09/10,Yemen
705,Sonny,Hirthe,shirthe1a@usda.gov,Female,118.115.237.110,2020/09/01,Serbia
706,Fayth,Paddock,fpaddock0@nytimes.com,Female,95.152.83.222,2020/09/15,China
707,Ogden,Ander,oander1@w3.org,Female,79.153.96.224,2020/10/15,United States
708,Ludovico,Defew,ldefew2@github.io,Male,44.72.101.250,2020/05/23,Peru
709,Ambrosius,Menlow,amenlow3@weather.com,Male,66.138.160.23,2021/04/11,China
710,Inglebert,Barrasse,ibarrasse4@soup.io,Male,180.85.153.228,2020/08/03,Indonesia
711,Verge,Falla,vfalla5@ucsd.edu,Female,71.150.69.49,2021/03/17,Indonesia
712,Darby,Couchman,dcouchman6@epa.gov,Male,240.18.37.91,2020/07/20,Russia
713,Henka,Sabater,hsabater7@squarespace.com,Female,64.9.232.61,2020/09/25,Russia
714,Monty,Yanin,myanin8@webs.com,Male,203.137.234.230,2020/05/15,Kenya
715,Joelynn,Cowdry,jcowdry9@flavors.me,Female,140.188.107.129,2020/05/18,Indonesia
716,Valene,Utting,vuttinga@comcast.net,Male,26.105.0.12,2020/08/02,Indonesia
717,Hobey,Bindley,hbindleyb@livejournal.com,Female,135.47.66.228,2021/02/03,China
718,Rozamond,Greenleaf,rgreenleafc@exblog.jp,Female,122.68.222.20,2021/05/03,Indonesia
719,Robby,Barhims,rbarhimsd@miibeian.gov.cn,Female,183.0.255.71,2021/02/09,Philippines
720,Lynde,Renbold,lrenbolde@fastcompany.com,Male,67.232.226.88,2020/08/12,Russia
721,Kath,Wyldes,kwyldesf@craigslist.org,Female,45.223.209.98,2020/08/14,Ukraine
722,Anderson,Andrieux,aandrieuxg@google.com.au,Male,213.237.67.125,2020/07/15,Russia
723,Leda,Northcliffe,lnorthcliffeh@cmu.edu,Female,58.68.179.210,2020/11/14,Czech Republic
724,Halimeda,Besset,hbesseti@cocolog-nifty.com,Male,138.55.109.203,2020/07/10,Brazil
725,Lalo,Downgate,ldowngatej@symantec.com,Female,205.227.104.109,2021/03/31,Russia
726,Ethelyn,Lowndsborough,elowndsboroughk@nhs.uk,Male,154.129.103.117,2021/04/26,Libya
727,Seka,Epperson,seppersonl@typepad.com,Female,10.48.84.120,2020/07/21,Colombia
728,Elvina,Caldeyroux,ecaldeyrouxm@home.pl,Male,183.162.245.11,2020/08/22,Vietnam
729,Nettle,Langton,nlangtonn@microsoft.com,Male,14.118.143.43,2020/10/23,China
730,Imogene,Woodrow,iwoodrowo@ted.com,Male,46.3.146.255,2020/08/03,Indonesia
731,Mariam,M'Chirrie,mmchirriep@ihg.com,Female,63.37.196.191,2020/09/22,Indonesia
732,Jozef,Hastelow,jhastelowq@twitpic.com,Female,140.233.68.2,2020/12/28,China
733,Marcella,Plott,mplottr@abc.net.au,Male,179.6.202.245,2021/03/20,Brazil
734,Clyve,Brackstone,cbrackstones@odnoklassniki.ru,Male,245.207.233.192,2021/04/01,Russia
735,Emili,Aldgate,ealdgatet@miitbeian.gov.cn,Male,248.33.97.64,2020/05/24,Philippines
736,Arly,Bergeau,abergeauu@webeden.co.uk,Female,189.54.108.92,2020/11/23,China
737,Nadia,Sambrook,nsambrookv@tiny.cc,Male,192.35.199.241,2020/06/12,South Africa
738,Conney,MacAdie,cmacadiew@g.co,Male,190.115.17.180,2020/07/08,China
739,Berri,Shallow,bshallowx@com.com,Female,35.4.1.21,2020/09/28,Portugal
740,Farly,Leveritt,fleveritty@fotki.com,Male,89.247.41.151,2020/11/05,China
741,Jsandye,Fredi,jfrediz@123-reg.co.uk,Male,49.11.84.102,2021/04/22,Poland
742,Joyous,Mayhow,jmayhow10@imgur.com,Female,253.127.12.244,2020/07/20,Indonesia
743,Abagael,Lattie,alattie11@cisco.com,Female,4.85.28.17,2021/01/07,China
744,Joletta,Sabbins,jsabbins12@paginegialle.it,Female,39.170.121.123,2021/03/28,Indonesia
745,Gratia,Pawsey,gpawsey13@yandex.ru,Male,235.250.204.80,2020/06/07,Greece
746,Gail,Searle,gsearle14@ocn.ne.jp,Male,174.221.190.199,2021/03/03,Philippines
747,Maurise,Magner,mmagner15@photobucket.com,Male,191.100.254.85,2020/11/03,Indonesia
748,Laraine,Seres,lseres16@xrea.com,Male,46.25.71.104,2021/05/02,Indonesia
749,Elke,McPike,emcpike17@tinypic.com,Female,15.204.33.243,2020/08/03,Ecuador
750,Aubrette,Lathleiff,alathleiff18@mediafire.com,Female,26.94.94.48,2020/09/13,France
751,Piggy,Fulun,pfulun19@cafepress.com,Male,164.128.133.17,2020/09/10,Yemen
752,Sonny,Hirthe,shirthe1a@usda.gov,Female,118.115.237.110,2020/09/01,Serbia
753,Fayth,Paddock,fpaddock0@nytimes.com,Female,95.152.83.222,2020/09/15,China
754,Ogden,Ander,oander1@w3.org,Female,79.153.96.224,2020/10/15,United States
755,Ludovico,Defew,ldefew2@github.io,Male,44.72.101.250,2020/05/23,Peru
756,Ambrosius,Menlow,amenlow3@weather.com,Male,66.138.160.23,2021/04/11,China
757,Inglebert,Barrasse,ibarrasse4@soup.io,Male,180.85.153.228,2020/08/03,Indonesia
758,Verge,Falla,vfalla5@ucsd.edu,Female,71.150.69.49,2021/03/17,Indonesia
759,Darby,Couchman,dcouchman6@epa.gov,Male,240.18.37.91,2020/07/20,Russia
760,Henka,Sabater,hsabater7@squarespace.com,Female,64.9.232.61,2020/09/25,Russia
761,Monty,Yanin,myanin8@webs.com,Male,203.137.234.230,2020/05/15,Kenya
762,Joelynn,Cowdry,jcowdry9@flavors.me,Female,140.188.107.129,2020/05/18,Indonesia
763,Valene,Utting,vuttinga@comcast.net,Male,26.105.0.12,2020/08/02,Indonesia
764,Hobey,Bindley,hbindleyb@livejournal.com,Female,135.47.66.228,2021/02/03,China
765,Rozamond,Greenleaf,rgreenleafc@exblog.jp,Female,122.68.222.20,2021/05/03,Indonesia
766,Robby,Barhims,rbarhimsd@miibeian.gov.cn,Female,183.0.255.71,2021/02/09,Philippines
767,Lynde,Renbold,lrenbolde@fastcompany.com,Male,67.232.226.88,2020/08/12,Russia
768,Kath,Wyldes,kwyldesf@craigslist.org,Female,45.223.209.98,2020/08/14,Ukraine
769,Anderson,Andrieux,aandrieuxg@google.com.au,Male,213.237.67.125,2020/07/15,Russia
770,Leda,Northcliffe,lnorthcliffeh@cmu.edu,Female,58.68.179.210,2020/11/14,Czech Republic
771,Halimeda,Besset,hbesseti@cocolog-nifty.com,Male,138.55.109.203,2020/07/10,Brazil
772,Lalo,Downgate,ldowngatej@symantec.com,Female,205.227.104.109,2021/03/31,Russia
773,Ethelyn,Lowndsborough,elowndsboroughk@nhs.uk,Male,154.129.103.117,2021/04/26,Libya
774,Seka,Epperson,seppersonl@typepad.com,Female,10.48.84.120,2020/07/21,Colombia
775,Elvina,Caldeyroux,ecaldeyrouxm@home.pl,Male,183.162.245.11,2020/08/22,Vietnam
776,Nettle,Langton,nlangtonn@microsoft.com,Male,14.118.143.43,2020/10/23,China
777,Imogene,Woodrow,iwoodrowo@ted.com,Male,46.3.146.255,2020/08/03,Indonesia
778,Mariam,M'Chirrie,mmchirriep@ihg.com,Female,63.37.196.191,2020/09/22,Indonesia
779,Jozef,Hastelow,jhastelowq@twitpic.com,Female,140.233.68.2,2020/12/28,China
780,Marcella,Plott,mplottr@abc.net.au,Male,179.6.202.245,2021/03/20,Brazil
781,Clyve,Brackstone,cbrackstones@odnoklassniki.ru,Male,245.207.233.192,2021/04/01,Russia
782,Emili,Aldgate,ealdgatet@miitbeian.gov.cn,Male,248.33.97.64,2020/05/24,Philippines
783,Arly,Bergeau,abergeauu@webeden.co.uk,Female,189.54.108.92,2020/11/23,China
784,Nadia,Sambrook,nsambrookv@tiny.cc,Male,192.35.199.241,2020/06/12,South Africa
785,Conney,MacAdie,cmacadiew@g.co,Male,190.115.17.180,2020/07/08,China
786,Berri,Shallow,bshallowx@com.com,Female,35.4.1.21,2020/09/28,Portugal
787,Farly,Leveritt,fleveritty@fotki.com,Male,89.247.41.151,2020/11/05,China
788,Jsandye,Fredi,jfrediz@123-reg.co.uk,Male,49.11.84.102,2021/04/22,Poland
789,Joyous,Mayhow,jmayhow10@imgur.com,Female,253.127.12.244,2020/07/20,Indonesia
790,Abagael,Lattie,alattie11@cisco.com,Female,4.85.28.17,2021/01/07,China
791,Joletta,Sabbins,jsabbins12@paginegialle.it,Female,39.170.121.123,2021/03/28,Indonesia
792,Gratia,Pawsey,gpawsey13@yandex.ru,Male,235.250.204.80,2020/06/07,Greece
793,Gail,Searle,gsearle14@ocn.ne.jp,Male,174.221.190.199,2021/03/03,Philippines
794,Maurise,Magner,mmagner15@photobucket.com,Male,191.100.254.85,2020/11/03,Indonesia
795,Laraine,Seres,lseres16@xrea.com,Male,46.25.71.104,2021/05/02,Indonesia
796,Elke,McPike,emcpike17@tinypic.com,Female,15.204.33.243,2020/08/03,Ecuador
797,Aubrette,Lathleiff,alathleiff18@mediafire.com,Female,26.94.94.48,2020/09/13,France
798,Piggy,Fulun,pfulun19@cafepress.com,Male,164.128.133.17,2020/09/10,Yemen
799,Sonny,Hirthe,shirthe1a@usda.gov,Female,118.115.237.110,2020/09/01,Serbia
800,Fayth,Paddock,fpaddock0@nytimes.com,Female,95.152.83.222,2020/09/15,China
801,Ogden,Ander,oander1@w3.org,Female,79.153.96.224,2020/10/15,United States
802,Ludovico,Defew,ldefew2@github.io,Male,44.72.101.250,2020/05/23,Peru
803,Ambrosius,Menlow,amenlow3@weather.com,Male,66.138.160.23,2021/04/11,China
804,Inglebert,Barrasse,ibarrasse4@soup.io,Male,180.85.153.228,2020/08/03,Indonesia
805,Verge,Falla,vfalla5@ucsd.edu,Female,71.150.69.49,2021/03/17,Indonesia
806,Darby,Couchman,dcouchman6@epa.gov,Male,240.18.37.91,2020/07/20,Russia
807,Henka,Sabater,hsabater7@squarespace.com,Female,64.9.232.61,2020/09/25,Russia
808,Monty,Yanin,myanin8@webs.com,Male,203.137.234.230,2020/05/15,Kenya
809,Joelynn,Cowdry,jcowdry9@flavors.me,Female,140.188.107.129,2020/05/18,Indonesia
810,Valene,Utting,vuttinga@comcast.net,Male,26.105.0.12,2020/08/02,Indonesia
811,Hobey,Bindley,hbindleyb@livejournal.com,Female,135.47.66.228,2021/02/03,China
812,Rozamond,Greenleaf,rgreenleafc@exblog.jp,Female,122.68.222.20,2021/05/03,Indonesia
813,Robby,Barhims,rbarhimsd@miibeian.gov.cn,Female,183.0.255.71,2021/02/09,Philippines
814,Lynde,Renbold,lrenbolde@fastcompany.com,Male,67.232.226.88,2020/08/12,Russia
815,Kath,Wyldes,kwyldesf@craigslist.org,Female,45.223.209.98,2020/08/14,Ukraine
816,Anderson,Andrieux,aandrieuxg@google.com.au,Male,213.237.67.125,2020/07/15,Russia
817,Leda,Northcliffe,lnorthcliffeh@cmu.edu,Female,58.68.179.210,2020/11/14,Czech Republic
818,Halimeda,Besset,hbesseti@cocolog-nifty.com,Male,138.55.109.203,2020/07/10,Brazil
819,Lalo,Downgate,ldowngatej@symantec.com,Female,205.227.104.109,2021/03/31,Russia
820,Ethelyn,Lowndsborough,elowndsboroughk@nhs.uk,Male,154.129.103.117,2021/04/26,Libya
821,Seka,Epperson,seppersonl@typepad.com,Female,10.48.84.120,2020/07/21,Colombia
822,Elvina,Caldeyroux,ecaldeyrouxm@home.pl,Male,183.162.245.11,2020/08/22,Vietnam
823,Nettle,Langton,nlangtonn@microsoft.com,Male,14.118.143.43,2020/10/23,China
824,Imogene,Woodrow,iwoodrowo@ted.com,Male,46.3.146.255,2020/08/03,Indonesia
825,Mariam,M'Chirrie,mmchirriep@ihg.com,Female,63.37.196.191,2020/09/22,Indonesia
826,Jozef,Hastelow,jhastelowq@twitpic.com,Female,140.233.68.2,2020/12/28,China
827,Marcella,Plott,mplottr@abc.net.au,Male,179.6.202.245,2021/03/20,Brazil
828,Clyve,Brackstone,cbrackstones@odnoklassniki.ru,Male,245.207.233.192,2021/04/01,Russia
829,Emili,Aldgate,ealdgatet@miitbeian.gov.cn,Male,248.33.97.64,2020/05/24,Philippines
830,Arly,Bergeau,abergeauu@webeden.co.uk,Female,189.54.108.92,2020/11/23,China
831,Nadia,Sambrook,nsambrookv@tiny.cc,Male,192.35.199.241,2020/06/12,South Africa
832,Conney,MacAdie,cmacadiew@g.co,Male,190.115.17.180,2020/07/08,China
833,Berri,Shallow,bshallowx@com.com,Female,35.4.1.21,2020/09/28,Portugal
834,Farly,Leveritt,fleveritty@fotki.com,Male,89.247.41.151,2020/11/05,China
835,Jsandye,Fredi,jfrediz@123-reg.co.uk,Male,49.11.84.102,2021/04/22,Poland
836,Joyous,Mayhow,jmayhow10@imgur.com,Female,253.127.12.244,2020/07/20,Indonesia
837,Abagael,Lattie,alattie11@cisco.com,Female,4.85.28.17,2021/01/07,China
838,Joletta,Sabbins,jsabbins12@paginegialle.it,Female,39.170.121.123,2021/03/28,Indonesia
839,Gratia,Pawsey,gpawsey13@yandex.ru,Male,235.250.204.80,2020/06/07,Greece
840,Gail,Searle,gsearle14@ocn.ne.jp,Male,174.221.190.199,2021/03/03,Philippines
841,Maurise,Magner,mmagner15@photobucket.com,Male,191.100.254.85,2020/11/03,Indonesia
842,Laraine,Seres,lseres16@xrea.com,Male,46.25.71.104,2021/05/02,Indonesia
843,Elke,McPike,emcpike17@tinypic.com,Female,15.204.33.243,2020/08/03,Ecuador
844,Aubrette,Lathleiff,alathleiff18@mediafire.com,Female,26.94.94.48,2020/09/13,France
845,Piggy,Fulun,pfulun19@cafepress.com,Male,164.128.133.17,2020/09/10,Yemen
846,Sonny,Hirthe,shirthe1a@usda.gov,Female,118.115.237.110,2020/09/01,Serbia
847,Fayth,Paddock,fpaddock0@nytimes.com,Female,95.152.83.222,2020/09/15,China
848,Ogden,Ander,oander1@w3.org,Female,79.153.96.224,2020/10/15,United States
849,Ludovico,Defew,ldefew2@github.io,Male,44.72.101.250,2020/05/23,Peru
850,Ambrosius,Menlow,amenlow3@weather.com,Male,66.138.160.23,2021/04/11,China
851,Inglebert,Barrasse,ibarrasse4@soup.io,Male,180.85.153.228,2020/08/03,Indonesia
852,Verge,Falla,vfalla5@ucsd.edu,Female,71.150.69.49,2021/03/17,Indonesia
853,Darby,Couchman,dcouchman6@epa.gov,Male,240.18.37.91,2020/07/20,Russia
854,Henka,Sabater,hsabater7@squarespace.com,Female,64.9.232.61,2020/09/25,Russia
855,Monty,Yanin,myanin8@webs.com,Male,203.137.234.230,2020/05/15,Kenya
856,Joelynn,Cowdry,jcowdry9@flavors.me,Female,140.188.107.129,2020/05/18,Indonesia
857,Valene,Utting,vuttinga@comcast.net,Male,26.105.0.12,2020/08/02,Indonesia
858,Hobey,Bindley,hbindleyb@livejournal.com,Female,135.47.66.228,2021/02/03,China
859,Rozamond,Greenleaf,rgreenleafc@exblog.jp,Female,122.68.222.20,2021/05/03,Indonesia
860,Robby,Barhims,rbarhimsd@miibeian.gov.cn,Female,183.0.255.71,2021/02/09,Philippines
861,Lynde,Renbold,lrenbolde@fastcompany.com,Male,67.232.226.88,2020/08/12,Russia
862,Kath,Wyldes,kwyldesf@craigslist.org,Female,45.223.209.98,2020/08/14,Ukraine
863,Anderson,Andrieux,aandrieuxg@google.com.au,Male,213.237.67.125,2020/07/15,Russia
864,Leda,Northcliffe,lnorthcliffeh@cmu.edu,Female,58.68.179.210,2020/11/14,Czech Republic
865,Halimeda,Besset,hbesseti@cocolog-nifty.com,Male,138.55.109.203,2020/07/10,Brazil
866,Lalo,Downgate,ldowngatej@symantec.com,Female,205.227.104.109,2021/03/31,Russia
867,Ethelyn,Lowndsborough,elowndsboroughk@nhs.uk,Male,154.129.103.117,2021/04/26,Libya
868,Seka,Epperson,seppersonl@typepad.com,Female,10.48.84.120,2020/07/21,Colombia
869,Elvina,Caldeyroux,ecaldeyrouxm@home.pl,Male,183.162.245.11,2020/08/22,Vietnam
870,Nettle,Langton,nlangtonn@microsoft.com,Male,14.118.143.43,2020/10/23,China
871,Imogene,Woodrow,iwoodrowo@ted.com,Male,46.3.146.255,2020/08/03,Indonesia
872,Mariam,M'Chirrie,mmchirriep@ihg.com,Female,63.37.196.191,2020/09/22,Indonesia
873,Jozef,Hastelow,jhastelowq@twitpic.com,Female,140.233.68.2,2020/12/28,China
874,Marcella,Plott,mplottr@abc.net.au,Male,179.6.202.245,2021/03/20,Brazil
875,Clyve,Brackstone,cbrackstones@odnoklassniki.ru,Male,245.207.233.192,2021/04/01,Russia
876,Emili,Aldgate,ealdgatet@miitbeian.gov.cn,Male,248.33.97.64,2020/05/24,Philippines
877,Arly,Bergeau,abergeauu@webeden.co.uk,Female,189.54.108.92,2020/11/23,China
878,Nadia,Sambrook,nsambrookv@tiny.cc,Male,192.35.199.241,2020/06/12,South Africa
879,Conney,MacAdie,cmacadiew@g.co,Male,190.115.17.180,2020/07/08,China
880,Berri,Shallow,bshallowx@com.com,Female,35.4.1.21,2020/09/28,Portugal
881,Farly,Leveritt,fleveritty@fotki.com,Male,89.247.41.151,2020/11/05,China
882,Jsandye,Fredi,jfrediz@123-reg.co.uk,Male,49.11.84.102,2021/04/22,Poland
883,Joyous,Mayhow,jmayhow10@imgur.com,Female,253.127.12.244,2020/07/20,Indonesia
884,Abagael,Lattie,alattie11@cisco.com,Female,4.85.28.17,2021/01/07,China
885,Joletta,Sabbins,jsabbins12@paginegialle.it,Female,39.170.121.123,2021/03/28,Indonesia
886,Gratia,Pawsey,gpawsey13@yandex.ru,Male,235.250.204.80,2020/06/07,Greece
887,Gail,Searle,gsearle14@ocn.ne.jp,Male,174.221.190.199,2021/03/03,Philippines
888,Maurise,Magner,mmagner15@photobucket.com,Male,191.100.254.85,2020/11/03,Indonesia
889,Laraine,Seres,lseres16@xrea.com,Male,46.25.71.104,2021/05/02,Indonesia
890,Elke,McPike,emcpike17@tinypic.com,Female,15.204.33.243,2020/08/03,Ecuador
891,Aubrette,Lathleiff,alathleiff18@mediafire.com,Female,26.94.94.48,2020/09/13,France
892,Piggy,Fulun,pfulun19@cafepress.com,Male,164.128.133.17,2020/09/10,Yemen
893,Sonny,Hirthe,shirthe1a@usda.gov,Female,118.115.237.110,2020/09/01,Serbia
894,Fayth,Paddock,fpaddock0@nytimes.com,Female,95.152.83.222,2020/09/15,China
895,Ogden,Ander,oander1@w3.org,Female,79.153.96.224,2020/10/15,United States
896,Ludovico,Defew,ldefew2@github.io,Male,44.72.101.250,2020/05/23,Peru
897,Ambrosius,Menlow,amenlow3@weather.com,Male,66.138.160.23,2021/04/11,China
898,Inglebert,Barrasse,ibarrasse4@soup.io,Male,180.85.153.228,2020/08/03,Indonesia
899,Verge,Falla,vfalla5@ucsd.edu,Female,71.150.69.49,2021/03/17,Indonesia
900,Darby,Couchman,dcouchman6@epa.gov,Male,240.18.37.91,2020/07/20,Russia
901,Henka,Sabater,hsabater7@squarespace.com,Female,64.9.232.61,2020/09/25,Russia
902,Monty,Yanin,myanin8@webs.com,Male,203.137.234.230,2020/05/15,Kenya
903,Joelynn,Cowdry,jcowdry9@flavors.me,Female,140.188.107.129,2020/05/18,Indonesia
904,Valene,Utting,vuttinga@comcast.net,Male,26.105.0.12,2020/08/02,Indonesia
905,Hobey,Bindley,hbindleyb@livejournal.com,Female,135.47.66.228,2021/02/03,China
906,Rozamond,Greenleaf,rgreenleafc@exblog.jp,Female,122.68.222.20,2021/05/03,Indonesia
907,Robby,Barhims,rbarhimsd@miibeian.gov.cn,Female,183.0.255.71,2021/02/09,Philippines
908,Lynde,Renbold,lrenbolde@fastcompany.com,Male,67.232.226.88,2020/08/12,Russia
909,Kath,Wyldes,kwyldesf@craigslist.org,Female,45.223.209.98,2020/08/14,Ukraine
910,Anderson,Andrieux,aandrieuxg@google.com.au,Male,213.237.67.125,2020/07/15,Russia
911,Leda,Northcliffe,lnorthcliffeh@cmu.edu,Female,58.68.179.210,2020/11/14,Czech Republic
912,Halimeda,Besset,hbesseti@cocolog-nifty.com,Male,138.55.109.203,2020/07/10,Brazil
913,Lalo,Downgate,ldowngatej@symantec.com,Female,205.227.104.109,2021/03/31,Russia
914,Ethelyn,Lowndsborough,elowndsboroughk@nhs.uk,Male,154.129.103.117,2021/04/26,Libya
915,Seka,Epperson,seppersonl@typepad.com,Female,10.48.84.120,2020/07/21,Colombia
916,Elvina,Caldeyroux,ecaldeyrouxm@home.pl,Male,183.162.245.11,2020/08/22,Vietnam
917,Nettle,Langton,nlangtonn@microsoft.com,Male,14.118.143.43,2020/10/23,China
918,Imogene,Woodrow,iwoodrowo@ted.com,Male,46.3.146.255,2020/08/03,Indonesia
919,Mariam,M'Chirrie,mmchirriep@ihg.com,Female,63.37.196.191,2020/09/22,Indonesia
920,Jozef,Hastelow,jhastelowq@twitpic.com,Female,140.233.68.2,2020/12/28,China
921,Marcella,Plott,mplottr@abc.net.au,Male,179.6.202.245,2021/03/20,Brazil
922,Clyve,Brackstone,cbrackstones@odnoklassniki.ru,Male,245.207.233.192,2021/04/01,Russia
923,Emili,Aldgate,ealdgatet@miitbeian.gov.cn,Male,248.33.97.64,2020/05/24,Philippines
924,Arly,Bergeau,abergeauu@webeden.co.uk,Female,189.54.108.92,2020/11/23,China
925,Nadia,Sambrook,nsambrookv@tiny.cc,Male,192.35.199.241,2020/06/12,South Africa
926,Conney,MacAdie,cmacadiew@g.co,Male,190.115.17.180,2020/07/08,China
927,Berri,Shallow,bshallowx@com.com,Female,35.4.1.21,2020/09/28,Portugal
928,Farly,Leveritt,fleveritty@fotki.com,Male,89.247.41.151,2020/11/05,China
929,Jsandye,Fredi,jfrediz@123-reg.co.uk,Male,49.11.84.102,2021/04/22,Poland
930,Joyous,Mayhow,jmayhow10@imgur.com,Female,253.127.12.244,2020/07/20,Indonesia
931,Abagael,Lattie,alattie11@cisco.com,Female,4.85.28.17,2021/01/07,China
932,Joletta,Sabbins,jsabbins12@paginegialle.it,Female,39.170.121.123,2021/03/28,Indonesia
933,Gratia,Pawsey,gpawsey13@yandex.ru,Male,235.250.204.80,2020/06/07,Greece
934,Gail,Searle,gsearle14@ocn.ne.jp,Male,174.221.190.199,2021/03/03,Philippines
935,Maurise,Magner,mmagner15@photobucket.com,Male,191.100.254.85,2020/11/03,Indonesia
936,Laraine,Seres,lseres16@xrea.com,Male,46.25.71.104,2021/05/02,Indonesia
937,Elke,McPike,emcpike17@tinypic.com,Female,15.204.33.243,2020/08/03,Ecuador
938,Aubrette,Lathleiff,alathleiff18@mediafire.com,Female,26.94.94.48,2020/09/13,France
939,Piggy,Fulun,pfulun19@cafepress.com,Male,164.128.133.17,2020/09/10,Yemen
940,Sonny,Hirthe,shirthe1a@usda.gov,Female,118.115.237.110,2020/09/01,Serbia
941,Fayth,Paddock,fpaddock0@nytimes.com,Female,95.152.83.222,2020/09/15,China
942,Ogden,Ander,oander1@w3.org,Female,79.153.96.224,2020/10/15,United States
943,Ludovico,Defew,ldefew2@github.io,Male,44.72.101.250,2020/05/23,Peru
944,Ambrosius,Menlow,amenlow3@weather.com,Male,66.138.160.23,2021/04/11,China
945,Inglebert,Barrasse,ibarrasse4@soup.io,Male,180.85.153.228,2020/08/03,Indonesia
946,Verge,Falla,vfalla5@ucsd.edu,Female,71.150.69.49,2021/03/17,Indonesia
947,Darby,Couchman,dcouchman6@epa.gov,Male,240.18.37.91,2020/07/20,Russia
948,Henka,Sabater,hsabater7@squarespace.com,Female,64.9.232.61,2020/09/25,Russia
949,Monty,Yanin,myanin8@webs.com,Male,203.137.234.230,2020/05/15,Kenya
950,Joelynn,Cowdry,jcowdry9@flavors.me,Female,140.188.107.129,2020/05/18,Indonesia
951,Valene,Utting,vuttinga@comcast.net,Male,26.105.0.12,2020/08/02,Indonesia
952,Hobey,Bindley,hbindleyb@livejournal.com,Female,135.47.66.228,2021/02/03,China
953,Rozamond,Greenleaf,rgreenleafc@exblog.jp,Female,122.68.222.20,2021/05/03,Indonesia
954,Robby,Barhims,rbarhimsd@miibeian.gov.cn,Female,183.0.255.71,2021/02/09,Philippines
955,Lynde,Renbold,lrenbolde@fastcompany.com,Male,67.232.226.88,2020/08/12,Russia
956,Kath,Wyldes,kwyldesf@craigslist.org,Female,45.223.209.98,2020/08/14,Ukraine
957,Anderson,Andrieux,aandrieuxg@google.com.au,Male,213.237.67.125,2020/07/15,Russia
958,Leda,Northcliffe,lnorthcliffeh@cmu.edu,Female,58.68.179.210,2020/11/14,Czech Republic
959,Halimeda,Besset,hbesseti@cocolog-nifty.com,Male,138.55.109.203,2020/07/10,Brazil
960,Lalo,Downgate,ldowngatej@symantec.com,Female,205.227.104.109,2021/03/31,Russia
961,Ethelyn,Lowndsborough,elowndsboroughk@nhs.uk,Male,154.129.103.117,2021/04/26,Libya
962,Seka,Epperson,seppersonl@typepad.com,Female,10.48.84.120,2020/07/21,Colombia
963,Elvina,Caldeyroux,ecaldeyrouxm@home.pl,Male,183.162.245.11,2020/08/22,Vietnam
964,Nettle,Langton,nlangtonn@microsoft.com,Male,14.118.143.43,2020/10/23,China
965,Imogene,Woodrow,iwoodrowo@ted.com,Male,46.3.146.255,2020/08/03,Indonesia
966,Mariam,M'Chirrie,mmchirriep@ihg.com,Female,63.37.196.191,2020/09/22,Indonesia
967,Jozef,Hastelow,jhastelowq@twitpic.com,Female,140.233.68.2,2020/12/28,China
968,Marcella,Plott,mplottr@abc.net.au,Male,179.6.202.245,2021/03/20,Brazil
969,Clyve,Brackstone,cbrackstones@odnoklassniki.ru,Male,245.207.233.192,2021/04/01,Russia
970,Emili,Aldgate,ealdgatet@miitbeian.gov.cn,Male,248.33.97.64,2020/05/24,Philippines
971,Arly,Bergeau,abergeauu@webeden.co.uk,Female,189.54.108.92,2020/11/23,China
972,Nadia,Sambrook,nsambrookv@tiny.cc,Male,192.35.199.241,2020/06/12,South Africa
973,Conney,MacAdie,cmacadiew@g.co,Male,190.115.17.180,2020/07/08,China
974,Berri,Shallow,bshallowx@com.com,Female,35.4.1.21,2020/09/28,Portugal
975,Farly,Leveritt,fleveritty@fotki.com,Male,89.247.41.151,2020/11/05,China
976,Jsandye,Fredi,jfrediz@123-reg.co.uk,Male,49.11.84.102,2021/04/22,Poland
977,Joyous,Mayhow,jmayhow10@imgur.com,Female,253.127.12.244,2020/07/20,Indonesia
978,Abagael,Lattie,alattie11@cisco.com,Female,4.85.28.17,2021/01/07,China
979,Joletta,Sabbins,jsabbins12@paginegialle.it,Female,39.170.121.123,2021/03/28,Indonesia
980,Gratia,Pawsey,gpawsey13@yandex.ru,Male,235.250.204.80,2020/06/07,Greece
981,Gail,Searle,gsearle14@ocn.ne.jp,Male,174.221.190.199,2021/03/03,Philippines
982,Maurise,Magner,mmagner15@photobucket.com,Male,191.100.254.85,2020/11/03,Indonesia
983,Laraine,Seres,lseres16@xrea.com,Male,46.25.71.104,2021/05/02,Indonesia
984,Elke,McPike,emcpike17@tinypic.com,Female,15.204.33.243,2020/08/03,Ecuador
985,Aubrette,Lathleiff,alathleiff18@mediafire.com,Female,26.94.94.48,2020/09/13,France
986,Piggy,Fulun,pfulun19@cafepress.com,Male,164.128.133.17,2020/09/10,Yemen
987,Sonny,Hirthe,shirthe1a@usda.gov,Female,118.115.237.110,2020/09/01,Serbia
988,Fayth,Paddock,fpaddock0@nytimes.com,Female,95.152.83.222,2020/09/15,China
989,Ogden,Ander,oander1@w3.org,Female,79.153.96.224,2020/10/15,United States
990,Ludovico,Defew,ldefew2@github.io,Male,44.72.101.250,2020/05/23,Peru
991,Ambrosius,Menlow,amenlow3@weather.com,Male,66.138.160.23,2021/04/11,China
992,Inglebert,Barrasse,ibarrasse4@soup.io,Male,180.85.153.228,2020/08/03,Indonesia
993,Verge,Falla,vfalla5@ucsd.edu,Female,71.150.69.49,2021/03/17,Indonesia
994,Darby,Couchman,dcouchman6@epa.gov,Male,240.18.37.91,2020/07/20,Russia
995,Henka,Sabater,hsabater7@squarespace.com,Female,64.9.232.61,2020/09/25,Russia
996,Monty,Yanin,myanin8@webs.com,Male,203.137.234.230,2020/05/15,Kenya
997,Joelynn,Cowdry,jcowdry9@flavors.me,Female,140.188.107.129,2020/05/18,Indonesia
998,Valene,Utting,vuttingacomcast.net,Dale,26.105.0.12,2020/05/43,Indonesia
999,Hobey,Bindley,hbindleyb@livejournal.com,Female,135.47.66.228,2021/02/03,China
1000,Valene,Utting,vuttinga@comcast.net,Male,26.105.0.12,2020/11/33,Indonesia
